[{"pk": 70, "model": "contenttypes.contenttype", "fields": {"model": "accesslog", "name": "access log", "app_label": "administration"}}, {"pk": 74, "model": "contenttypes.contenttype", "fields": {"model": "admissioncheck", "name": "admission check", "app_label": "admissions"}}, {"pk": 73, "model": "contenttypes.contenttype", "fields": {"model": "admissionlevel", "name": "admission level", "app_label": "admissions"}}, {"pk": 86, "model": "contenttypes.contenttype", "fields": {"model": "applicant", "name": "applicant", "app_label": "admissions"}}, {"pk": 79, "model": "contenttypes.contenttype", "fields": {"model": "applicationdecisionoption", "name": "application decision option", "app_label": "admissions"}}, {"pk": 18, "model": "contenttypes.contenttype", "fields": {"model": "asphistory", "name": "asp history", "app_label": "sis"}}, {"pk": 66, "model": "contenttypes.contenttype", "fields": {"model": "attendance", "name": "attendance", "app_label": "work_study"}}, {"pk": 97, "model": "contenttypes.contenttype", "fields": {"model": "attendancedailystat", "name": "attendance daily stat", "app_label": "attendance"}}, {"pk": 64, "model": "contenttypes.contenttype", "fields": {"model": "attendancefee", "name": "attendance fee", "app_label": "work_study"}}, {"pk": 96, "model": "contenttypes.contenttype", "fields": {"model": "attendancelog", "name": "attendance log", "app_label": "attendance"}}, {"pk": 65, "model": "contenttypes.contenttype", "fields": {"model": "attendancereason", "name": "attendance reason", "app_label": "work_study"}}, {"pk": 94, "model": "contenttypes.contenttype", "fields": {"model": "attendancestatus", "name": "attendance status", "app_label": "attendance"}}, {"pk": 43, "model": "contenttypes.contenttype", "fields": {"model": "award", "name": "award", "app_label": "schedule"}}, {"pk": 44, "model": "contenttypes.contenttype", "fields": {"model": "awardstudent", "name": "award student", "app_label": "schedule"}}, {"pk": 80, "model": "contenttypes.contenttype", "fields": {"model": "boroughoption", "name": "borough option", "app_label": "admissions"}}, {"pk": 67, "model": "contenttypes.contenttype", "fields": {"model": "clientvisit", "name": "client visit", "app_label": "work_study"}}, {"pk": 13, "model": "contenttypes.contenttype", "fields": {"model": "cohort", "name": "cohort", "app_label": "sis"}}, {"pk": 46, "model": "contenttypes.contenttype", "fields": {"model": "pickuplocation", "name": "Companies: pickup", "app_label": "work_study"}}, {"pk": 48, "model": "contenttypes.contenttype", "fields": {"model": "company", "name": "company", "app_label": "work_study"}}, {"pk": 53, "model": "contenttypes.contenttype", "fields": {"model": "compcontract", "name": "Company Contract", "app_label": "work_study"}}, {"pk": 59, "model": "contenttypes.contenttype", "fields": {"model": "companyhistory", "name": "company history", "app_label": "work_study"}}, {"pk": 71, "model": "contenttypes.contenttype", "fields": {"model": "configuration", "name": "configuration", "app_label": "administration"}}, {"pk": 45, "model": "contenttypes.contenttype", "fields": {"model": "cracontact", "name": "Contact CRA", "app_label": "work_study"}}, {"pk": 87, "model": "contenttypes.contenttype", "fields": {"model": "contactlog", "name": "contact log", "app_label": "admissions"}}, {"pk": 47, "model": "contenttypes.contenttype", "fields": {"model": "contact", "name": "Contact Supervisor", "app_label": "work_study"}}, {"pk": 4, "model": "contenttypes.contenttype", "fields": {"model": "contenttype", "name": "content type", "app_label": "contenttypes"}}, {"pk": 84, "model": "contenttypes.contenttype", "fields": {"model": "countryoption", "name": "country option", "app_label": "admissions"}}, {"pk": 36, "model": "contenttypes.contenttype", "fields": {"model": "course", "name": "course", "app_label": "schedule"}}, {"pk": 33, "model": "contenttypes.contenttype", "fields": {"model": "courseenrollment", "name": "course enrollment", "app_label": "schedule"}}, {"pk": 31, "model": "contenttypes.contenttype", "fields": {"model": "coursemeet", "name": "course meet", "app_label": "schedule"}}, {"pk": 88, "model": "contenttypes.contenttype", "fields": {"model": "coursesync", "name": "course sync", "app_label": "engrade_sync"}}, {"pk": 103, "model": "contenttypes.contenttype", "fields": {"model": "customfield", "name": "custom field", "app_label": "custom_field"}}, {"pk": 104, "model": "contenttypes.contenttype", "fields": {"model": "customfieldvalue", "name": "custom field value", "app_label": "custom_field"}}, {"pk": 34, "model": "contenttypes.contenttype", "fields": {"model": "day", "name": "day", "app_label": "schedule"}}, {"pk": 29, "model": "contenttypes.contenttype", "fields": {"model": "daysoff", "name": "days off", "app_label": "schedule"}}, {"pk": 35, "model": "contenttypes.contenttype", "fields": {"model": "department", "name": "department", "app_label": "schedule"}}, {"pk": 90, "model": "contenttypes.contenttype", "fields": {"model": "disciplineaction", "name": "discipline action", "app_label": "discipline"}}, {"pk": 91, "model": "contenttypes.contenttype", "fields": {"model": "disciplineactioninstance", "name": "discipline action instance", "app_label": "discipline"}}, {"pk": 11, "model": "contenttypes.contenttype", "fields": {"model": "emergencycontactnumber", "name": "emergency contact number", "app_label": "sis"}}, {"pk": 75, "model": "contenttypes.contenttype", "fields": {"model": "ethnicitychoice", "name": "ethnicity choice", "app_label": "admissions"}}, {"pk": 12, "model": "contenttypes.contenttype", "fields": {"model": "faculty", "name": "faculty", "app_label": "sis"}}, {"pk": 81, "model": "contenttypes.contenttype", "fields": {"model": "feederschool", "name": "feeder school", "app_label": "admissions"}}, {"pk": 78, "model": "contenttypes.contenttype", "fields": {"model": "firstcontactoption", "name": "first contact option", "app_label": "admissions"}}, {"pk": 99, "model": "contenttypes.contenttype", "fields": {"model": "grade", "name": "grade", "app_label": "grades"}}, {"pk": 98, "model": "contenttypes.contenttype", "fields": {"model": "gradecomment", "name": "grade comment", "app_label": "grades"}}, {"pk": 15, "model": "contenttypes.contenttype", "fields": {"model": "gradelevel", "name": "grade level", "app_label": "sis"}}, {"pk": 2, "model": "contenttypes.contenttype", "fields": {"model": "group", "name": "group", "app_label": "auth"}}, {"pk": 55, "model": "contenttypes.contenttype", "fields": {"model": "handout33", "name": "handout33", "app_label": "work_study"}}, {"pk": 77, "model": "contenttypes.contenttype", "fields": {"model": "heardaboutusoption", "name": "heard about us option", "app_label": "admissions"}}, {"pk": 85, "model": "contenttypes.contenttype", "fields": {"model": "immigrationoption", "name": "immigration option", "app_label": "admissions"}}, {"pk": 26, "model": "contenttypes.contenttype", "fields": {"model": "importlog", "name": "import log", "app_label": "sis"}}, {"pk": 92, "model": "contenttypes.contenttype", "fields": {"model": "infraction", "name": "infraction", "app_label": "discipline"}}, {"pk": 16, "model": "contenttypes.contenttype", "fields": {"model": "languagechoice", "name": "language choice", "app_label": "sis"}}, {"pk": 102, "model": "contenttypes.contenttype", "fields": {"model": "ldapgroup", "name": "ldap group", "app_label": "ldap_groups"}}, {"pk": 32, "model": "contenttypes.contenttype", "fields": {"model": "location", "name": "location", "app_label": "schedule"}}, {"pk": 6, "model": "contenttypes.contenttype", "fields": {"model": "logentry", "name": "log entry", "app_label": "admin"}}, {"pk": 28, "model": "contenttypes.contenttype", "fields": {"model": "markingperiod", "name": "marking period", "app_label": "schedule"}}, {"pk": 9, "model": "contenttypes.contenttype", "fields": {"model": "mdluser", "name": "mdl user", "app_label": "sis"}}, {"pk": 27, "model": "contenttypes.contenttype", "fields": {"model": "messagetostudent", "name": "message to student", "app_label": "sis"}}, {"pk": 68, "model": "contenttypes.contenttype", "fields": {"model": "messagetosupervisor", "name": "message to supervisor", "app_label": "work_study"}}, {"pk": 37, "model": "contenttypes.contenttype", "fields": {"model": "omitcoursegpa", "name": "omit course gpa", "app_label": "schedule"}}, {"pk": 38, "model": "contenttypes.contenttype", "fields": {"model": "omityeargpa", "name": "omit year gpa", "app_label": "schedule"}}, {"pk": 82, "model": "contenttypes.contenttype", "fields": {"model": "openhouse", "name": "open house", "app_label": "admissions"}}, {"pk": 50, "model": "contenttypes.contenttype", "fields": {"model": "paymentoption", "name": "payment option", "app_label": "work_study"}}, {"pk": 30, "model": "contenttypes.contenttype", "fields": {"model": "period", "name": "period", "app_label": "schedule"}}, {"pk": 1, "model": "contenttypes.contenttype", "fields": {"model": "permission", "name": "permission", "app_label": "auth"}}, {"pk": 54, "model": "contenttypes.contenttype", "fields": {"model": "personality", "name": "personality", "app_label": "work_study"}}, {"pk": 60, "model": "contenttypes.contenttype", "fields": {"model": "presetcomment", "name": "preset comment", "app_label": "work_study"}}, {"pk": 14, "model": "contenttypes.contenttype", "fields": {"model": "reasonleft", "name": "reason left", "app_label": "sis"}}, {"pk": 76, "model": "contenttypes.contenttype", "fields": {"model": "religionchoice", "name": "religion choice", "app_label": "admissions"}}, {"pk": 8, "model": "contenttypes.contenttype", "fields": {"model": "reportfield", "name": "report field", "app_label": "sis"}}, {"pk": 100, "model": "contenttypes.contenttype", "fields": {"model": "revision", "name": "revision", "app_label": "reversion"}}, {"pk": 25, "model": "contenttypes.contenttype", "fields": {"model": "schoolyear", "name": "school year", "app_label": "sis"}}, {"pk": 5, "model": "contenttypes.contenttype", "fields": {"model": "session", "name": "session", "app_label": "sessions"}}, {"pk": 40, "model": "contenttypes.contenttype", "fields": {"model": "standardcategory", "name": "standard category", "app_label": "schedule"}}, {"pk": 42, "model": "contenttypes.contenttype", "fields": {"model": "standardcategorygrade", "name": "standard category grade", "app_label": "schedule"}}, {"pk": 39, "model": "contenttypes.contenttype", "fields": {"model": "standardtest", "name": "standard test", "app_label": "schedule"}}, {"pk": 41, "model": "contenttypes.contenttype", "fields": {"model": "standardtestresult", "name": "standard test result", "app_label": "schedule"}}, {"pk": 17, "model": "contenttypes.contenttype", "fields": {"model": "student", "name": "student", "app_label": "sis"}}, {"pk": 95, "model": "contenttypes.contenttype", "fields": {"model": "studentattendance", "name": "student attendance", "app_label": "attendance"}}, {"pk": 19, "model": "contenttypes.contenttype", "fields": {"model": "studentcohort", "name": "student cohort", "app_label": "sis"}}, {"pk": 10, "model": "contenttypes.contenttype", "fields": {"model": "emergencycontact", "name": "Student Contact", "app_label": "sis"}}, {"pk": 52, "model": "contenttypes.contenttype", "fields": {"model": "studentdesiredskill", "name": "student desired skill", "app_label": "work_study"}}, {"pk": 93, "model": "contenttypes.contenttype", "fields": {"model": "studentdiscipline", "name": "student discipline", "app_label": "discipline"}}, {"pk": 23, "model": "contenttypes.contenttype", "fields": {"model": "studentfile", "name": "student file", "app_label": "sis"}}, {"pk": 51, "model": "contenttypes.contenttype", "fields": {"model": "studentfunctionalresponsibility", "name": "student functional responsibility", "app_label": "work_study"}}, {"pk": 24, "model": "contenttypes.contenttype", "fields": {"model": "studenthealthrecord", "name": "student health record", "app_label": "sis"}}, {"pk": 61, "model": "contenttypes.contenttype", "fields": {"model": "studentinteraction", "name": "student interaction", "app_label": "work_study"}}, {"pk": 22, "model": "contenttypes.contenttype", "fields": {"model": "studentnumber", "name": "student number", "app_label": "sis"}}, {"pk": 57, "model": "contenttypes.contenttype", "fields": {"model": "studentworker", "name": "student worker", "app_label": "work_study"}}, {"pk": 56, "model": "contenttypes.contenttype", "fields": {"model": "studentworkerroute", "name": "student worker route", "app_label": "work_study"}}, {"pk": 58, "model": "contenttypes.contenttype", "fields": {"model": "survey", "name": "survey", "app_label": "work_study"}}, {"pk": 89, "model": "contenttypes.contenttype", "fields": {"model": "teachersync", "name": "teacher sync", "app_label": "engrade_sync"}}, {"pk": 72, "model": "contenttypes.contenttype", "fields": {"model": "template", "name": "template", "app_label": "administration"}}, {"pk": 63, "model": "contenttypes.contenttype", "fields": {"model": "timesheet", "name": "time sheet", "app_label": "work_study"}}, {"pk": 62, "model": "contenttypes.contenttype", "fields": {"model": "timesheetperformancechoice", "name": "time sheet performance choice", "app_label": "work_study"}}, {"pk": 21, "model": "contenttypes.contenttype", "fields": {"model": "transcriptnote", "name": "transcript note", "app_label": "sis"}}, {"pk": 20, "model": "contenttypes.contenttype", "fields": {"model": "transcriptnotechoices", "name": "transcript note choices", "app_label": "sis"}}, {"pk": 3, "model": "contenttypes.contenttype", "fields": {"model": "user", "name": "user", "app_label": "auth"}}, {"pk": 7, "model": "contenttypes.contenttype", "fields": {"model": "userpreference", "name": "user preference", "app_label": "sis"}}, {"pk": 101, "model": "contenttypes.contenttype", "fields": {"model": "version", "name": "version", "app_label": "reversion"}}, {"pk": 83, "model": "contenttypes.contenttype", "fields": {"model": "withdrawnchoices", "name": "withdrawn choices", "app_label": "admissions"}}, {"pk": 49, "model": "contenttypes.contenttype", "fields": {"model": "workteam", "name": "work team", "app_label": "work_study"}}, {"pk": 69, "model": "contenttypes.contenttype", "fields": {"model": "workteamuser", "name": "work team user", "app_label": "work_study"}}, {"pk": "0348f2a416593e5416f17df25c5473ee", "model": "sessions.session", "fields": {"expire_date": "2012-03-06T04:44:21", "session_data": "OTE3Y2FhM2Q1YmExMTBmZGE5OTg2NGFiY2QwYjdlZWM0NzM0MWQzZDqAAn1xAVUKdGVzdGNvb2tp\nZXECVQZ3b3JrZWRxA3Mu\n"}}, {"pk": "03f67eeb6110265cc8bce641e2ecd97a", "model": "sessions.session", "fields": {"expire_date": "2012-03-11T21:23:53", "session_data": "OTE3Y2FhM2Q1YmExMTBmZGE5OTg2NGFiY2QwYjdlZWM0NzM0MWQzZDqAAn1xAVUKdGVzdGNvb2tp\nZXECVQZ3b3JrZWRxA3Mu\n"}}, {"pk": "05a6d1919fe38b33cf10978fafea8013", "model": "sessions.session", "fields": {"expire_date": "2012-01-27T14:04:44", "session_data": "OTE3Y2FhM2Q1YmExMTBmZGE5OTg2NGFiY2QwYjdlZWM0NzM0MWQzZDqAAn1xAVUKdGVzdGNvb2tp\nZXECVQZ3b3JrZWRxA3Mu\n"}}, {"pk": "0aaca059cded847653319486223612fd", "model": "sessions.session", "fields": {"expire_date": "2012-01-27T14:04:33", "session_data": "OTE3Y2FhM2Q1YmExMTBmZGE5OTg2NGFiY2QwYjdlZWM0NzM0MWQzZDqAAn1xAVUKdGVzdGNvb2tp\nZXECVQZ3b3JrZWRxA3Mu\n"}}, {"pk": "0bc090554edd3a271bd22e3637337cfe", "model": "sessions.session", "fields": {"expire_date": "2011-12-19T08:19:01", "session_data": "OTE3Y2FhM2Q1YmExMTBmZGE5OTg2NGFiY2QwYjdlZWM0NzM0MWQzZDqAAn1xAVUKdGVzdGNvb2tp\nZXECVQZ3b3JrZWRxA3Mu\n"}}, {"pk": "0beb07aecef9f8a7e4677721598a2e32", "model": "sessions.session", "fields": {"expire_date": "2011-12-27T01:26:44", "session_data": "OTE3Y2FhM2Q1YmExMTBmZGE5OTg2NGFiY2QwYjdlZWM0NzM0MWQzZDqAAn1xAVUKdGVzdGNvb2tp\nZXECVQZ3b3JrZWRxA3Mu\n"}}, {"pk": "0d7cabdda4c2d19b69ad30d9fd7e9af3", "model": "sessions.session", "fields": {"expire_date": "2012-03-03T09:03:04", "session_data": "OTE3Y2FhM2Q1YmExMTBmZGE5OTg2NGFiY2QwYjdlZWM0NzM0MWQzZDqAAn1xAVUKdGVzdGNvb2tp\nZXECVQZ3b3JrZWRxA3Mu\n"}}, {"pk": "0d99485ec73ad1b9bd6682ac88457359", "model": "sessions.session", "fields": {"expire_date": "2011-12-20T12:43:52", "session_data": "ZDJjNGU4MjQyODhhMGYwNDdjNjQxN2Q4ZWNjYjBjZDdhYWI0ODc0OTqAAn1xAShVEl9hdXRoX3Vz\nZXJfYmFja2VuZHECVSlkamFuZ28uY29udHJpYi5hdXRoLmJhY2tlbmRzLk1vZGVsQmFja2VuZHED\nVQ1fYXV0aF91c2VyX2lkcQSKAQh1Lg==\n"}}, {"pk": "0e50c8ccc93339bfbe9319adc818a352", "model": "sessions.session", "fields": {"expire_date": "2012-01-09T01:43:54", "session_data": "OTE3Y2FhM2Q1YmExMTBmZGE5OTg2NGFiY2QwYjdlZWM0NzM0MWQzZDqAAn1xAVUKdGVzdGNvb2tp\nZXECVQZ3b3JrZWRxA3Mu\n"}}, {"pk": "10f423e206c3b6fc42aeaa1f2d5886fb", "model": "sessions.session", "fields": {"expire_date": "2012-03-07T04:00:53", "session_data": "OTE3Y2FhM2Q1YmExMTBmZGE5OTg2NGFiY2QwYjdlZWM0NzM0MWQzZDqAAn1xAVUKdGVzdGNvb2tp\nZXECVQZ3b3JrZWRxA3Mu\n"}}, {"pk": "14ece607f736ace3b9c78b739ddab779", "model": "sessions.session", "fields": {"expire_date": "2012-01-27T14:04:46", "session_data": "OTE3Y2FhM2Q1YmExMTBmZGE5OTg2NGFiY2QwYjdlZWM0NzM0MWQzZDqAAn1xAVUKdGVzdGNvb2tp\nZXECVQZ3b3JrZWRxA3Mu\n"}}, {"pk": "1c26bd24be9db64e3ef2e1a65de748bd", "model": "sessions.session", "fields": {"expire_date": "2012-01-01T02:15:26", "session_data": "OTE3Y2FhM2Q1YmExMTBmZGE5OTg2NGFiY2QwYjdlZWM0NzM0MWQzZDqAAn1xAVUKdGVzdGNvb2tp\nZXECVQZ3b3JrZWRxA3Mu\n"}}, {"pk": "1cf37901ce0c1d2b831da2d1e31bf824", "model": "sessions.session", "fields": {"expire_date": "2011-12-06T20:16:00", "session_data": "ZDg1ZTRjNDE4NWExMjEwMTc3MGQ3NGQyNzk2NDFhNGRjYjU5NmU5MzqAAn1xAShVC29tcl90ZXN0\nX2lkVQExVRJfYXV0aF91c2VyX2JhY2tlbmRVKWRqYW5nby5jb250cmliLmF1dGguYmFja2VuZHMu\nTW9kZWxCYWNrZW5kVQ1fYXV0aF91c2VyX2lkigEDdS4=\n"}}, {"pk": "1ec44a68674cf858fcbfbd1dad02c321", "model": "sessions.session", "fields": {"expire_date": "2012-02-07T11:02:37", "session_data": "OTE3Y2FhM2Q1YmExMTBmZGE5OTg2NGFiY2QwYjdlZWM0NzM0MWQzZDqAAn1xAVUKdGVzdGNvb2tp\nZXECVQZ3b3JrZWRxA3Mu\n"}}, {"pk": "1fac229294c1b346cc6bbe5acab87884", "model": "sessions.session", "fields": {"expire_date": "2012-01-27T14:04:34", "session_data": "OTE3Y2FhM2Q1YmExMTBmZGE5OTg2NGFiY2QwYjdlZWM0NzM0MWQzZDqAAn1xAVUKdGVzdGNvb2tp\nZXECVQZ3b3JrZWRxA3Mu\n"}}, {"pk": "2205826ce6c938ae8fcf886c58703689", "model": "sessions.session", "fields": {"expire_date": "2012-02-10T17:18:04", "session_data": "OTE3Y2FhM2Q1YmExMTBmZGE5OTg2NGFiY2QwYjdlZWM0NzM0MWQzZDqAAn1xAVUKdGVzdGNvb2tp\nZXECVQZ3b3JrZWRxA3Mu\n"}}, {"pk": "228ddbefa50d23966031f668af546736", "model": "sessions.session", "fields": {"expire_date": "2012-03-10T16:54:44", "session_data": "OTE3Y2FhM2Q1YmExMTBmZGE5OTg2NGFiY2QwYjdlZWM0NzM0MWQzZDqAAn1xAVUKdGVzdGNvb2tp\nZXECVQZ3b3JrZWRxA3Mu\n"}}, {"pk": "22e47625805232c0c521476c9a2dda60", "model": "sessions.session", "fields": {"expire_date": "2012-02-14T21:14:23", "session_data": "OTE3Y2FhM2Q1YmExMTBmZGE5OTg2NGFiY2QwYjdlZWM0NzM0MWQzZDqAAn1xAVUKdGVzdGNvb2tp\nZXECVQZ3b3JrZWRxA3Mu\n"}}, {"pk": "254547d699e4908906198635d9d33362", "model": "sessions.session", "fields": {"expire_date": "2012-02-16T22:25:33", "session_data": "OTE3Y2FhM2Q1YmExMTBmZGE5OTg2NGFiY2QwYjdlZWM0NzM0MWQzZDqAAn1xAVUKdGVzdGNvb2tp\nZXECVQZ3b3JrZWRxA3Mu\n"}}, {"pk": "295b7d37ec6b514c45a464c84503983d", "model": "sessions.session", "fields": {"expire_date": "2012-03-05T23:08:17", "session_data": "OTE3Y2FhM2Q1YmExMTBmZGE5OTg2NGFiY2QwYjdlZWM0NzM0MWQzZDqAAn1xAVUKdGVzdGNvb2tp\nZXECVQZ3b3JrZWRxA3Mu\n"}}, {"pk": "2bb2baac8d48d930ed9cff6ff87c1860", "model": "sessions.session", "fields": {"expire_date": "2011-12-20T12:11:39", "session_data": "ZDJjNGU4MjQyODhhMGYwNDdjNjQxN2Q4ZWNjYjBjZDdhYWI0ODc0OTqAAn1xAShVEl9hdXRoX3Vz\nZXJfYmFja2VuZHECVSlkamFuZ28uY29udHJpYi5hdXRoLmJhY2tlbmRzLk1vZGVsQmFja2VuZHED\nVQ1fYXV0aF91c2VyX2lkcQSKAQh1Lg==\n"}}, {"pk": "2c005a2dc16c41ece24f60af1debeefb", "model": "sessions.session", "fields": {"expire_date": "2011-07-09T16:54:22", "session_data": "NTk3NWU2ZTQyMDM4NWFmNWM3NDU3N2MyYzg0NTZkZWY2ZDllMThjNDqAAn1xAShVEl9hdXRoX3Vz\nZXJfYmFja2VuZHECVSlkamFuZ28uY29udHJpYi5hdXRoLmJhY2tlbmRzLk1vZGVsQmFja2VuZHED\nVQ1fYXV0aF91c2VyX2lkcQSKAQJ1Lg==\n"}}, {"pk": "2c9ad8c81539f9669afdd4a74268cd9f", "model": "sessions.session", "fields": {"expire_date": "2012-01-29T06:56:33", "session_data": "OTE3Y2FhM2Q1YmExMTBmZGE5OTg2NGFiY2QwYjdlZWM0NzM0MWQzZDqAAn1xAVUKdGVzdGNvb2tp\nZXECVQZ3b3JrZWRxA3Mu\n"}}, {"pk": "31fbc33e053409e8e75cd783ad94b992", "model": "sessions.session", "fields": {"expire_date": "2012-02-13T20:01:26", "session_data": "NzQ4ODA0NjliZDFlMmRlNWI0ZThmMDQzMTI3OGNlMDA4ZmZhZGU2ZDqAAn1xAShVEl9hdXRoX3Vz\nZXJfYmFja2VuZHECVSlkamFuZ28uY29udHJpYi5hdXRoLmJhY2tlbmRzLk1vZGVsQmFja2VuZHED\nVQ1fYXV0aF91c2VyX2lkcQSKAQV1Lg==\n"}}, {"pk": "3323d417b2473694bff830e40fff0d77", "model": "sessions.session", "fields": {"expire_date": "2011-09-05T21:03:11", "session_data": "ZGQ5Nzg0YmM2YzMzNzY0ODgyNDU5ZDdiOGY1ODY4ZGE5NjdhYTM4MzqAAn1xAShVEl9hdXRoX3Vz\nZXJfYmFja2VuZHECVSlkamFuZ28uY29udHJpYi5hdXRoLmJhY2tlbmRzLk1vZGVsQmFja2VuZHED\nVQ1fYXV0aF91c2VyX2lkcQSKAQN1Lg==\n"}}, {"pk": "36d32637a5366d580c18cc0014c42c9a", "model": "sessions.session", "fields": {"expire_date": "2012-03-03T08:11:42", "session_data": "OTE3Y2FhM2Q1YmExMTBmZGE5OTg2NGFiY2QwYjdlZWM0NzM0MWQzZDqAAn1xAVUKdGVzdGNvb2tp\nZXECVQZ3b3JrZWRxA3Mu\n"}}, {"pk": "3828253abc3e4143788173a32f81787c", "model": "sessions.session", "fields": {"expire_date": "2012-02-15T18:19:09", "session_data": "OTE3Y2FhM2Q1YmExMTBmZGE5OTg2NGFiY2QwYjdlZWM0NzM0MWQzZDqAAn1xAVUKdGVzdGNvb2tp\nZXECVQZ3b3JrZWRxA3Mu\n"}}, {"pk": "384f434194ec5b6b190e584de569e325", "model": "sessions.session", "fields": {"expire_date": "2012-02-25T04:19:45", "session_data": "OTE3Y2FhM2Q1YmExMTBmZGE5OTg2NGFiY2QwYjdlZWM0NzM0MWQzZDqAAn1xAVUKdGVzdGNvb2tp\nZXECVQZ3b3JrZWRxA3Mu\n"}}, {"pk": "38c0e62b5126d64cb2e56616ad2c4dc8", "model": "sessions.session", "fields": {"expire_date": "2012-02-16T23:34:24", "session_data": "OTE3Y2FhM2Q1YmExMTBmZGE5OTg2NGFiY2QwYjdlZWM0NzM0MWQzZDqAAn1xAVUKdGVzdGNvb2tp\nZXECVQZ3b3JrZWRxA3Mu\n"}}, {"pk": "3b8ab6ae7e86b686637b4a2003e99fcb", "model": "sessions.session", "fields": {"expire_date": "2012-01-08T12:36:45", "session_data": "OTE3Y2FhM2Q1YmExMTBmZGE5OTg2NGFiY2QwYjdlZWM0NzM0MWQzZDqAAn1xAVUKdGVzdGNvb2tp\nZXECVQZ3b3JrZWRxA3Mu\n"}}, {"pk": "3cdc0ed2e9c9aa72f2144a4fb0090853", "model": "sessions.session", "fields": {"expire_date": "2012-02-07T10:05:13", "session_data": "NzQ4ODA0NjliZDFlMmRlNWI0ZThmMDQzMTI3OGNlMDA4ZmZhZGU2ZDqAAn1xAShVEl9hdXRoX3Vz\nZXJfYmFja2VuZHECVSlkamFuZ28uY29udHJpYi5hdXRoLmJhY2tlbmRzLk1vZGVsQmFja2VuZHED\nVQ1fYXV0aF91c2VyX2lkcQSKAQV1Lg==\n"}}, {"pk": "3ce577b2dd23daaf8e9d4c3549c53b78", "model": "sessions.session", "fields": {"expire_date": "2012-02-13T22:58:15", "session_data": "OTE3Y2FhM2Q1YmExMTBmZGE5OTg2NGFiY2QwYjdlZWM0NzM0MWQzZDqAAn1xAVUKdGVzdGNvb2tp\nZXECVQZ3b3JrZWRxA3Mu\n"}}, {"pk": "3e65f620bedc24344e9dd4e4e3be6c82", "model": "sessions.session", "fields": {"expire_date": "2012-01-07T13:22:44", "session_data": "OTE3Y2FhM2Q1YmExMTBmZGE5OTg2NGFiY2QwYjdlZWM0NzM0MWQzZDqAAn1xAVUKdGVzdGNvb2tp\nZXECVQZ3b3JrZWRxA3Mu\n"}}, {"pk": "433813c40c6771a1b979cb13994c0dd6", "model": "sessions.session", "fields": {"expire_date": "2012-03-08T16:00:17", "session_data": "OTE3Y2FhM2Q1YmExMTBmZGE5OTg2NGFiY2QwYjdlZWM0NzM0MWQzZDqAAn1xAVUKdGVzdGNvb2tp\nZXECVQZ3b3JrZWRxA3Mu\n"}}, {"pk": "4490a922e8d59062f83ecaf5c7add8ca", "model": "sessions.session", "fields": {"expire_date": "2012-01-04T23:59:08", "session_data": "OTE3Y2FhM2Q1YmExMTBmZGE5OTg2NGFiY2QwYjdlZWM0NzM0MWQzZDqAAn1xAVUKdGVzdGNvb2tp\nZXECVQZ3b3JrZWRxA3Mu\n"}}, {"pk": "4491b2a524fa7bf3d00cd7413577cdfe", "model": "sessions.session", "fields": {"expire_date": "2012-02-01T10:49:46", "session_data": "ZDJjNGU4MjQyODhhMGYwNDdjNjQxN2Q4ZWNjYjBjZDdhYWI0ODc0OTqAAn1xAShVEl9hdXRoX3Vz\nZXJfYmFja2VuZHECVSlkamFuZ28uY29udHJpYi5hdXRoLmJhY2tlbmRzLk1vZGVsQmFja2VuZHED\nVQ1fYXV0aF91c2VyX2lkcQSKAQh1Lg==\n"}}, {"pk": "4659c56c0dd30064938324bbafb59da0", "model": "sessions.session", "fields": {"expire_date": "2012-02-17T18:48:27", "session_data": "OTE3Y2FhM2Q1YmExMTBmZGE5OTg2NGFiY2QwYjdlZWM0NzM0MWQzZDqAAn1xAVUKdGVzdGNvb2tp\nZXECVQZ3b3JrZWRxA3Mu\n"}}, {"pk": "4ae2e1b7fb584a396dfcbd196c749754", "model": "sessions.session", "fields": {"expire_date": "2012-03-06T04:41:11", "session_data": "OTE3Y2FhM2Q1YmExMTBmZGE5OTg2NGFiY2QwYjdlZWM0NzM0MWQzZDqAAn1xAVUKdGVzdGNvb2tp\nZXECVQZ3b3JrZWRxA3Mu\n"}}, {"pk": "4e14aa7c79e9f193393d36072f233a14", "model": "sessions.session", "fields": {"expire_date": "2012-01-15T04:05:40", "session_data": "OTE3Y2FhM2Q1YmExMTBmZGE5OTg2NGFiY2QwYjdlZWM0NzM0MWQzZDqAAn1xAVUKdGVzdGNvb2tp\nZXECVQZ3b3JrZWRxA3Mu\n"}}, {"pk": "4ebb6dc51837c779e8025ebf4af88266", "model": "sessions.session", "fields": {"expire_date": "2012-03-04T18:48:35", "session_data": "OTE3Y2FhM2Q1YmExMTBmZGE5OTg2NGFiY2QwYjdlZWM0NzM0MWQzZDqAAn1xAVUKdGVzdGNvb2tp\nZXECVQZ3b3JrZWRxA3Mu\n"}}, {"pk": "5042857241a7e7800bfcb84f4547037a", "model": "sessions.session", "fields": {"expire_date": "2012-08-06T15:39:23", "session_data": "Zjg4MzY5OTFlZGMzYjc3NzIwZWE3MzIzNDdlNjYyOTA1ZmEyNWFhNTqAAn1xAShVEGhhc19zZWVu\nX21lc3NhZ2WIVRJfYXV0aF91c2VyX2JhY2tlbmRxAlUpZGphbmdvLmNvbnRyaWIuYXV0aC5iYWNr\nZW5kcy5Nb2RlbEJhY2tlbmRxA1UNX2F1dGhfdXNlcl9pZHEEigEBdS4=\n"}}, {"pk": "517c54f1bef0fda5a5e9d58a79868ddb", "model": "sessions.session", "fields": {"expire_date": "2011-12-17T16:50:09", "session_data": "NzQ4ODA0NjliZDFlMmRlNWI0ZThmMDQzMTI3OGNlMDA4ZmZhZGU2ZDqAAn1xAShVEl9hdXRoX3Vz\nZXJfYmFja2VuZHECVSlkamFuZ28uY29udHJpYi5hdXRoLmJhY2tlbmRzLk1vZGVsQmFja2VuZHED\nVQ1fYXV0aF91c2VyX2lkcQSKAQV1Lg==\n"}}, {"pk": "5345e26a6702c83dea1047fc38595afb", "model": "sessions.session", "fields": {"expire_date": "2012-02-24T20:12:11", "session_data": "OTE3Y2FhM2Q1YmExMTBmZGE5OTg2NGFiY2QwYjdlZWM0NzM0MWQzZDqAAn1xAVUKdGVzdGNvb2tp\nZXECVQZ3b3JrZWRxA3Mu\n"}}, {"pk": "55823cb990997815b42e3a836e90047c", "model": "sessions.session", "fields": {"expire_date": "2011-12-21T04:32:16", "session_data": "OTE3Y2FhM2Q1YmExMTBmZGE5OTg2NGFiY2QwYjdlZWM0NzM0MWQzZDqAAn1xAVUKdGVzdGNvb2tp\nZXECVQZ3b3JrZWRxA3Mu\n"}}, {"pk": "560364b8c1328097bbf1cc3cfd60db97", "model": "sessions.session", "fields": {"expire_date": "2012-03-03T09:03:04", "session_data": "OTE3Y2FhM2Q1YmExMTBmZGE5OTg2NGFiY2QwYjdlZWM0NzM0MWQzZDqAAn1xAVUKdGVzdGNvb2tp\nZXECVQZ3b3JrZWRxA3Mu\n"}}, {"pk": "56dc737e5563f0d7bb072e0a36259090", "model": "sessions.session", "fields": {"expire_date": "2011-10-20T13:31:53", "session_data": "ZDg1ZTRjNDE4NWExMjEwMTc3MGQ3NGQyNzk2NDFhNGRjYjU5NmU5MzqAAn1xAShVC29tcl90ZXN0\nX2lkVQExVRJfYXV0aF91c2VyX2JhY2tlbmRVKWRqYW5nby5jb250cmliLmF1dGguYmFja2VuZHMu\nTW9kZWxCYWNrZW5kVQ1fYXV0aF91c2VyX2lkigEDdS4=\n"}}, {"pk": "580bfd7720f6ca7a4620982fcbae6575", "model": "sessions.session", "fields": {"expire_date": "2012-01-27T13:47:49", "session_data": "OTE3Y2FhM2Q1YmExMTBmZGE5OTg2NGFiY2QwYjdlZWM0NzM0MWQzZDqAAn1xAVUKdGVzdGNvb2tp\nZXECVQZ3b3JrZWRxA3Mu\n"}}, {"pk": "584512af8ca349d97ad69bdfecb42524", "model": "sessions.session", "fields": {"expire_date": "2012-02-10T12:57:33", "session_data": "OTE3Y2FhM2Q1YmExMTBmZGE5OTg2NGFiY2QwYjdlZWM0NzM0MWQzZDqAAn1xAVUKdGVzdGNvb2tp\nZXECVQZ3b3JrZWRxA3Mu\n"}}, {"pk": "5aded6d759d569f8876f5b76def593f5", "model": "sessions.session", "fields": {"expire_date": "2012-01-18T15:04:46", "session_data": "OTE3Y2FhM2Q1YmExMTBmZGE5OTg2NGFiY2QwYjdlZWM0NzM0MWQzZDqAAn1xAVUKdGVzdGNvb2tp\nZXECVQZ3b3JrZWRxA3Mu\n"}}, {"pk": "5b0026923e33f0800ec00868a461a736", "model": "sessions.session", "fields": {"expire_date": "2012-01-03T17:09:53", "session_data": "OTE3Y2FhM2Q1YmExMTBmZGE5OTg2NGFiY2QwYjdlZWM0NzM0MWQzZDqAAn1xAVUKdGVzdGNvb2tp\nZXECVQZ3b3JrZWRxA3Mu\n"}}, {"pk": "5c13eb30f62e058bfdb3f20615e5b8e3", "model": "sessions.session", "fields": {"expire_date": "2012-01-27T14:04:29", "session_data": "OTE3Y2FhM2Q1YmExMTBmZGE5OTg2NGFiY2QwYjdlZWM0NzM0MWQzZDqAAn1xAVUKdGVzdGNvb2tp\nZXECVQZ3b3JrZWRxA3Mu\n"}}, {"pk": "5cf66560142acc41c8ba909006df8bb5", "model": "sessions.session", "fields": {"expire_date": "2012-02-20T00:21:03", "session_data": "OTE3Y2FhM2Q1YmExMTBmZGE5OTg2NGFiY2QwYjdlZWM0NzM0MWQzZDqAAn1xAVUKdGVzdGNvb2tp\nZXECVQZ3b3JrZWRxA3Mu\n"}}, {"pk": "5fb8c91fa1f0277c41880b153fa53ef6", "model": "sessions.session", "fields": {"expire_date": "2012-03-02T00:40:45", "session_data": "OTE3Y2FhM2Q1YmExMTBmZGE5OTg2NGFiY2QwYjdlZWM0NzM0MWQzZDqAAn1xAVUKdGVzdGNvb2tp\nZXECVQZ3b3JrZWRxA3Mu\n"}}, {"pk": "60f53314af1be3f5298ec56d79ce15af", "model": "sessions.session", "fields": {"expire_date": "2012-02-25T23:41:52", "session_data": "OTE3Y2FhM2Q1YmExMTBmZGE5OTg2NGFiY2QwYjdlZWM0NzM0MWQzZDqAAn1xAVUKdGVzdGNvb2tp\nZXECVQZ3b3JrZWRxA3Mu\n"}}, {"pk": "61b6ade462ec7aab93cb1a1827dbff18", "model": "sessions.session", "fields": {"expire_date": "2012-02-13T23:15:02", "session_data": "OTE3Y2FhM2Q1YmExMTBmZGE5OTg2NGFiY2QwYjdlZWM0NzM0MWQzZDqAAn1xAVUKdGVzdGNvb2tp\nZXECVQZ3b3JrZWRxA3Mu\n"}}, {"pk": "65585c3f34ce4dc4ab73454c9b01f78f", "model": "sessions.session", "fields": {"expire_date": "2012-01-06T12:06:35", "session_data": "OTE3Y2FhM2Q1YmExMTBmZGE5OTg2NGFiY2QwYjdlZWM0NzM0MWQzZDqAAn1xAVUKdGVzdGNvb2tp\nZXECVQZ3b3JrZWRxA3Mu\n"}}, {"pk": "6710ced28ed033f7b9b2621516e2f96f", "model": "sessions.session", "fields": {"expire_date": "2011-09-05T17:58:51", "session_data": "ZGQ5Nzg0YmM2YzMzNzY0ODgyNDU5ZDdiOGY1ODY4ZGE5NjdhYTM4MzqAAn1xAShVEl9hdXRoX3Vz\nZXJfYmFja2VuZHECVSlkamFuZ28uY29udHJpYi5hdXRoLmJhY2tlbmRzLk1vZGVsQmFja2VuZHED\nVQ1fYXV0aF91c2VyX2lkcQSKAQN1Lg==\n"}}, {"pk": "6be30a0fe65637c0c98bc55d9687e0b6", "model": "sessions.session", "fields": {"expire_date": "2011-10-22T13:03:08", "session_data": "MmIzMzQ5OWIzNDA3OTgxOWZiYTI0NTZmNmUwMzdiNjhlMWUwYzZmNTqAAn1xAVUKdGVzdGNvb2tp\nZXECVQZ3b3JrZWRxA3Mu\n"}}, {"pk": "6cba073e07a03be6375f2eac1f10efaa", "model": "sessions.session", "fields": {"expire_date": "2012-02-15T05:54:29", "session_data": "OTE3Y2FhM2Q1YmExMTBmZGE5OTg2NGFiY2QwYjdlZWM0NzM0MWQzZDqAAn1xAVUKdGVzdGNvb2tp\nZXECVQZ3b3JrZWRxA3Mu\n"}}, {"pk": "6d2616c56057b7758bda8b59b335d1d7", "model": "sessions.session", "fields": {"expire_date": "2012-03-12T16:06:45", "session_data": "OTE3Y2FhM2Q1YmExMTBmZGE5OTg2NGFiY2QwYjdlZWM0NzM0MWQzZDqAAn1xAVUKdGVzdGNvb2tp\nZXECVQZ3b3JrZWRxA3Mu\n"}}, {"pk": "6ebe48ea8b45f565085e81a39083cf95", "model": "sessions.session", "fields": {"expire_date": "2012-01-27T14:04:37", "session_data": "OTE3Y2FhM2Q1YmExMTBmZGE5OTg2NGFiY2QwYjdlZWM0NzM0MWQzZDqAAn1xAVUKdGVzdGNvb2tp\nZXECVQZ3b3JrZWRxA3Mu\n"}}, {"pk": "6f0af08b206c681c6f5d6a1cc8340471", "model": "sessions.session", "fields": {"expire_date": "2011-12-19T14:45:06", "session_data": "ZDJjNGU4MjQyODhhMGYwNDdjNjQxN2Q4ZWNjYjBjZDdhYWI0ODc0OTqAAn1xAShVEl9hdXRoX3Vz\nZXJfYmFja2VuZHECVSlkamFuZ28uY29udHJpYi5hdXRoLmJhY2tlbmRzLk1vZGVsQmFja2VuZHED\nVQ1fYXV0aF91c2VyX2lkcQSKAQh1Lg==\n"}}, {"pk": "719c85fd2cbe533f72554d8bfb2db004", "model": "sessions.session", "fields": {"expire_date": "2011-09-20T18:05:38", "session_data": "ZGQ5Nzg0YmM2YzMzNzY0ODgyNDU5ZDdiOGY1ODY4ZGE5NjdhYTM4MzqAAn1xAShVEl9hdXRoX3Vz\nZXJfYmFja2VuZHECVSlkamFuZ28uY29udHJpYi5hdXRoLmJhY2tlbmRzLk1vZGVsQmFja2VuZHED\nVQ1fYXV0aF91c2VyX2lkcQSKAQN1Lg==\n"}}, {"pk": "750e0ddddf9f247c29b29bb5cfaf14af", "model": "sessions.session", "fields": {"expire_date": "2012-02-21T15:48:04", "session_data": "OTE3Y2FhM2Q1YmExMTBmZGE5OTg2NGFiY2QwYjdlZWM0NzM0MWQzZDqAAn1xAVUKdGVzdGNvb2tp\nZXECVQZ3b3JrZWRxA3Mu\n"}}, {"pk": "75349083783c64b6f5380305194d634b", "model": "sessions.session", "fields": {"expire_date": "2012-02-26T17:03:40", "session_data": "OTE3Y2FhM2Q1YmExMTBmZGE5OTg2NGFiY2QwYjdlZWM0NzM0MWQzZDqAAn1xAVUKdGVzdGNvb2tp\nZXECVQZ3b3JrZWRxA3Mu\n"}}, {"pk": "7573a857ae298b0d9c735b7486269d34", "model": "sessions.session", "fields": {"expire_date": "2012-02-16T23:34:27", "session_data": "OTE3Y2FhM2Q1YmExMTBmZGE5OTg2NGFiY2QwYjdlZWM0NzM0MWQzZDqAAn1xAVUKdGVzdGNvb2tp\nZXECVQZ3b3JrZWRxA3Mu\n"}}, {"pk": "75cab11cbaca8df47066992d9d471eff", "model": "sessions.session", "fields": {"expire_date": "2012-01-16T02:20:16", "session_data": "OTE3Y2FhM2Q1YmExMTBmZGE5OTg2NGFiY2QwYjdlZWM0NzM0MWQzZDqAAn1xAVUKdGVzdGNvb2tp\nZXECVQZ3b3JrZWRxA3Mu\n"}}, {"pk": "797dbfa7ee340f683fdf6366c5833f02", "model": "sessions.session", "fields": {"expire_date": "2012-02-10T02:14:40", "session_data": "OTE3Y2FhM2Q1YmExMTBmZGE5OTg2NGFiY2QwYjdlZWM0NzM0MWQzZDqAAn1xAVUKdGVzdGNvb2tp\nZXECVQZ3b3JrZWRxA3Mu\n"}}, {"pk": "7993445754098d3a75a324ccc016c0cc", "model": "sessions.session", "fields": {"expire_date": "2012-02-05T21:02:17", "session_data": "OTE3Y2FhM2Q1YmExMTBmZGE5OTg2NGFiY2QwYjdlZWM0NzM0MWQzZDqAAn1xAVUKdGVzdGNvb2tp\nZXECVQZ3b3JrZWRxA3Mu\n"}}, {"pk": "79ae96b3d859701d5590e3b39946e208", "model": "sessions.session", "fields": {"expire_date": "2011-12-29T11:12:06", "session_data": "MDYwZDMwZGFjM2VhYmFmNDcwNzU0YjY2NDM0NzcwZTdlNDdiMDkwYjqAAn1xAS4=\n"}}, {"pk": "7b30ec1f874654c00e7e47d6d96c31b7", "model": "sessions.session", "fields": {"expire_date": "2012-01-30T12:53:19", "session_data": "OTE3Y2FhM2Q1YmExMTBmZGE5OTg2NGFiY2QwYjdlZWM0NzM0MWQzZDqAAn1xAVUKdGVzdGNvb2tp\nZXECVQZ3b3JrZWRxA3Mu\n"}}, {"pk": "7e528b214090273fc113bcbd7a90b872", "model": "sessions.session", "fields": {"expire_date": "2012-01-24T16:04:04", "session_data": "OTE3Y2FhM2Q1YmExMTBmZGE5OTg2NGFiY2QwYjdlZWM0NzM0MWQzZDqAAn1xAVUKdGVzdGNvb2tp\nZXECVQZ3b3JrZWRxA3Mu\n"}}, {"pk": "7f318edb3215af03b42e8a16d9761447", "model": "sessions.session", "fields": {"expire_date": "2011-12-24T07:25:58", "session_data": "OTE3Y2FhM2Q1YmExMTBmZGE5OTg2NGFiY2QwYjdlZWM0NzM0MWQzZDqAAn1xAVUKdGVzdGNvb2tp\nZXECVQZ3b3JrZWRxA3Mu\n"}}, {"pk": "8110fd681e26fdb6a2760a44ab736041", "model": "sessions.session", "fields": {"expire_date": "2011-12-21T13:19:31", "session_data": "OTE3Y2FhM2Q1YmExMTBmZGE5OTg2NGFiY2QwYjdlZWM0NzM0MWQzZDqAAn1xAVUKdGVzdGNvb2tp\nZXECVQZ3b3JrZWRxA3Mu\n"}}, {"pk": "81857b57afb47292732cb57580cc6907", "model": "sessions.session", "fields": {"expire_date": "2012-03-05T22:37:40", "session_data": "OTE3Y2FhM2Q1YmExMTBmZGE5OTg2NGFiY2QwYjdlZWM0NzM0MWQzZDqAAn1xAVUKdGVzdGNvb2tp\nZXECVQZ3b3JrZWRxA3Mu\n"}}, {"pk": "81dfb3440816eac2f44ecd9179e04bf6", "model": "sessions.session", "fields": {"expire_date": "2011-11-14T14:09:02", "session_data": "NGU0NzYwYjVhZDNiOWY0MGM4YTliZjRiMzEzMWFiZDcxYTU1NTkwMzqAAn1xAShVEl9hdXRoX3Vz\nZXJfYmFja2VuZHECVSlkamFuZ28uY29udHJpYi5hdXRoLmJhY2tlbmRzLk1vZGVsQmFja2VuZHED\nVQ1fYXV0aF91c2VyX2lkcQSKAQR1Lg==\n"}}, {"pk": "8508bd7f9297f954d2d48aef55d33a4c", "model": "sessions.session", "fields": {"expire_date": "2012-01-25T19:43:15", "session_data": "OTE3Y2FhM2Q1YmExMTBmZGE5OTg2NGFiY2QwYjdlZWM0NzM0MWQzZDqAAn1xAVUKdGVzdGNvb2tp\nZXECVQZ3b3JrZWRxA3Mu\n"}}, {"pk": "8650cb5ec963d710b629bd7f38776dbf", "model": "sessions.session", "fields": {"expire_date": "2012-02-14T12:55:27", "session_data": "OTE3Y2FhM2Q1YmExMTBmZGE5OTg2NGFiY2QwYjdlZWM0NzM0MWQzZDqAAn1xAVUKdGVzdGNvb2tp\nZXECVQZ3b3JrZWRxA3Mu\n"}}, {"pk": "86a33ec2b404c94492ca1be3387ce371", "model": "sessions.session", "fields": {"expire_date": "2012-01-27T05:33:49", "session_data": "OTE3Y2FhM2Q1YmExMTBmZGE5OTg2NGFiY2QwYjdlZWM0NzM0MWQzZDqAAn1xAVUKdGVzdGNvb2tp\nZXECVQZ3b3JrZWRxA3Mu\n"}}, {"pk": "86ad360b303b02473da10eb17e595481", "model": "sessions.session", "fields": {"expire_date": "2011-08-01T12:27:54", "session_data": "NTk3NWU2ZTQyMDM4NWFmNWM3NDU3N2MyYzg0NTZkZWY2ZDllMThjNDqAAn1xAShVEl9hdXRoX3Vz\nZXJfYmFja2VuZHECVSlkamFuZ28uY29udHJpYi5hdXRoLmJhY2tlbmRzLk1vZGVsQmFja2VuZHED\nVQ1fYXV0aF91c2VyX2lkcQSKAQJ1Lg==\n"}}, {"pk": "86f794df445cc49469dca51813b77cbb", "model": "sessions.session", "fields": {"expire_date": "2012-02-11T16:53:42", "session_data": "NzQ4ODA0NjliZDFlMmRlNWI0ZThmMDQzMTI3OGNlMDA4ZmZhZGU2ZDqAAn1xAShVEl9hdXRoX3Vz\nZXJfYmFja2VuZHECVSlkamFuZ28uY29udHJpYi5hdXRoLmJhY2tlbmRzLk1vZGVsQmFja2VuZHED\nVQ1fYXV0aF91c2VyX2lkcQSKAQV1Lg==\n"}}, {"pk": "873a165bb86b7d79477a071f1ed95d9b", "model": "sessions.session", "fields": {"expire_date": "2011-12-17T17:29:12", "session_data": "NzQ4ODA0NjliZDFlMmRlNWI0ZThmMDQzMTI3OGNlMDA4ZmZhZGU2ZDqAAn1xAShVEl9hdXRoX3Vz\nZXJfYmFja2VuZHECVSlkamFuZ28uY29udHJpYi5hdXRoLmJhY2tlbmRzLk1vZGVsQmFja2VuZHED\nVQ1fYXV0aF91c2VyX2lkcQSKAQV1Lg==\n"}}, {"pk": "8896676e6eeaeb0282df173673abfc78", "model": "sessions.session", "fields": {"expire_date": "2011-12-27T04:37:28", "session_data": "OTE3Y2FhM2Q1YmExMTBmZGE5OTg2NGFiY2QwYjdlZWM0NzM0MWQzZDqAAn1xAVUKdGVzdGNvb2tp\nZXECVQZ3b3JrZWRxA3Mu\n"}}, {"pk": "89e7c84e30f496d707647de385f24b4a", "model": "sessions.session", "fields": {"expire_date": "2011-12-19T08:19:02", "session_data": "OTE3Y2FhM2Q1YmExMTBmZGE5OTg2NGFiY2QwYjdlZWM0NzM0MWQzZDqAAn1xAVUKdGVzdGNvb2tp\nZXECVQZ3b3JrZWRxA3Mu\n"}}, {"pk": "8a1d5ae2e6dd46014834a6e09107f674", "model": "sessions.session", "fields": {"expire_date": "2012-01-03T03:45:11", "session_data": "OTE3Y2FhM2Q1YmExMTBmZGE5OTg2NGFiY2QwYjdlZWM0NzM0MWQzZDqAAn1xAVUKdGVzdGNvb2tp\nZXECVQZ3b3JrZWRxA3Mu\n"}}, {"pk": "8bb604bef66d459b4fa05b9031892938", "model": "sessions.session", "fields": {"expire_date": "2012-02-06T00:07:54", "session_data": "OTE3Y2FhM2Q1YmExMTBmZGE5OTg2NGFiY2QwYjdlZWM0NzM0MWQzZDqAAn1xAVUKdGVzdGNvb2tp\nZXECVQZ3b3JrZWRxA3Mu\n"}}, {"pk": "90972f4707dedcad324cce5264cd9e9d", "model": "sessions.session", "fields": {"expire_date": "2012-01-24T16:01:27", "session_data": "OTE3Y2FhM2Q1YmExMTBmZGE5OTg2NGFiY2QwYjdlZWM0NzM0MWQzZDqAAn1xAVUKdGVzdGNvb2tp\nZXECVQZ3b3JrZWRxA3Mu\n"}}, {"pk": "90b97f290c061d9e1a5287c625bbc62e", "model": "sessions.session", "fields": {"expire_date": "2012-01-24T16:04:59", "session_data": "OTE3Y2FhM2Q1YmExMTBmZGE5OTg2NGFiY2QwYjdlZWM0NzM0MWQzZDqAAn1xAVUKdGVzdGNvb2tp\nZXECVQZ3b3JrZWRxA3Mu\n"}}, {"pk": "93d0d9354947e41f1869df4f834cbef8", "model": "sessions.session", "fields": {"expire_date": "2012-05-25T13:55:45", "session_data": "NzU0ZTYxMzczMmVkMzRkMWViMjU4Y2U0MzZkZmU4NmVmNzU2OWUzOTqAAn1xAShVEl9hdXRoX3Vz\nZXJfYmFja2VuZHECVSlkamFuZ28uY29udHJpYi5hdXRoLmJhY2tlbmRzLk1vZGVsQmFja2VuZHED\nVQ1fYXV0aF91c2VyX2lkcQSKAQV1Lg==\n"}}, {"pk": "944408abb174cc4293df2cb3d13e0fff", "model": "sessions.session", "fields": {"expire_date": "2012-02-04T22:01:28", "session_data": "OTE3Y2FhM2Q1YmExMTBmZGE5OTg2NGFiY2QwYjdlZWM0NzM0MWQzZDqAAn1xAVUKdGVzdGNvb2tp\nZXECVQZ3b3JrZWRxA3Mu\n"}}, {"pk": "94a9b55f4fdce4f7cfb6eae34bd12fae", "model": "sessions.session", "fields": {"expire_date": "2012-03-09T05:43:09", "session_data": "OTE3Y2FhM2Q1YmExMTBmZGE5OTg2NGFiY2QwYjdlZWM0NzM0MWQzZDqAAn1xAVUKdGVzdGNvb2tp\nZXECVQZ3b3JrZWRxA3Mu\n"}}, {"pk": "9bb39c7faa9cd32d8cbcf29a6880477b", "model": "sessions.session", "fields": {"expire_date": "2011-12-23T10:45:46", "session_data": "NzQ4ODA0NjliZDFlMmRlNWI0ZThmMDQzMTI3OGNlMDA4ZmZhZGU2ZDqAAn1xAShVEl9hdXRoX3Vz\nZXJfYmFja2VuZHECVSlkamFuZ28uY29udHJpYi5hdXRoLmJhY2tlbmRzLk1vZGVsQmFja2VuZHED\nVQ1fYXV0aF91c2VyX2lkcQSKAQV1Lg==\n"}}, {"pk": "9d6241865941803f85e7c2122cc7f37a", "model": "sessions.session", "fields": {"expire_date": "2012-01-18T11:24:21", "session_data": "ZDJjNGU4MjQyODhhMGYwNDdjNjQxN2Q4ZWNjYjBjZDdhYWI0ODc0OTqAAn1xAShVEl9hdXRoX3Vz\nZXJfYmFja2VuZHECVSlkamFuZ28uY29udHJpYi5hdXRoLmJhY2tlbmRzLk1vZGVsQmFja2VuZHED\nVQ1fYXV0aF91c2VyX2lkcQSKAQh1Lg==\n"}}, {"pk": "a0a917a5bc8bd0fb5dff58f200bc9e3b", "model": "sessions.session", "fields": {"expire_date": "2012-02-28T15:35:27", "session_data": "OTE3Y2FhM2Q1YmExMTBmZGE5OTg2NGFiY2QwYjdlZWM0NzM0MWQzZDqAAn1xAVUKdGVzdGNvb2tp\nZXECVQZ3b3JrZWRxA3Mu\n"}}, {"pk": "a2abd91b86952d1e601c21108833c997", "model": "sessions.session", "fields": {"expire_date": "2012-03-16T15:52:38", "session_data": "NzQ4ODA0NjliZDFlMmRlNWI0ZThmMDQzMTI3OGNlMDA4ZmZhZGU2ZDqAAn1xAShVEl9hdXRoX3Vz\nZXJfYmFja2VuZHECVSlkamFuZ28uY29udHJpYi5hdXRoLmJhY2tlbmRzLk1vZGVsQmFja2VuZHED\nVQ1fYXV0aF91c2VyX2lkcQSKAQV1Lg==\n"}}, {"pk": "a354c9d9057934c8016f81929e7d7154", "model": "sessions.session", "fields": {"expire_date": "2012-02-29T11:22:32", "session_data": "OTE3Y2FhM2Q1YmExMTBmZGE5OTg2NGFiY2QwYjdlZWM0NzM0MWQzZDqAAn1xAVUKdGVzdGNvb2tp\nZXECVQZ3b3JrZWRxA3Mu\n"}}, {"pk": "a4908271a327899ea2d8f021042fdd61", "model": "sessions.session", "fields": {"expire_date": "2012-02-26T11:30:27", "session_data": "OTE3Y2FhM2Q1YmExMTBmZGE5OTg2NGFiY2QwYjdlZWM0NzM0MWQzZDqAAn1xAVUKdGVzdGNvb2tp\nZXECVQZ3b3JrZWRxA3Mu\n"}}, {"pk": "a4ea91e3fa92f41b66e725d7698ce0be", "model": "sessions.session", "fields": {"expire_date": "2012-01-25T10:00:52", "session_data": "NzQ4ODA0NjliZDFlMmRlNWI0ZThmMDQzMTI3OGNlMDA4ZmZhZGU2ZDqAAn1xAShVEl9hdXRoX3Vz\nZXJfYmFja2VuZHECVSlkamFuZ28uY29udHJpYi5hdXRoLmJhY2tlbmRzLk1vZGVsQmFja2VuZHED\nVQ1fYXV0aF91c2VyX2lkcQSKAQV1Lg==\n"}}, {"pk": "a5167632f095061168e7b02926720208", "model": "sessions.session", "fields": {"expire_date": "2012-01-10T11:24:30", "session_data": "OTE3Y2FhM2Q1YmExMTBmZGE5OTg2NGFiY2QwYjdlZWM0NzM0MWQzZDqAAn1xAVUKdGVzdGNvb2tp\nZXECVQZ3b3JrZWRxA3Mu\n"}}, {"pk": "a578ec227787b7f3790fbd93f6dd35b5", "model": "sessions.session", "fields": {"expire_date": "2012-03-12T17:32:35", "session_data": "OTE3Y2FhM2Q1YmExMTBmZGE5OTg2NGFiY2QwYjdlZWM0NzM0MWQzZDqAAn1xAVUKdGVzdGNvb2tp\nZXECVQZ3b3JrZWRxA3Mu\n"}}, {"pk": "a6b88c3cd8fc6aaba9bee0bdd85c9fee", "model": "sessions.session", "fields": {"expire_date": "2012-03-05T21:34:42", "session_data": "OTE3Y2FhM2Q1YmExMTBmZGE5OTg2NGFiY2QwYjdlZWM0NzM0MWQzZDqAAn1xAVUKdGVzdGNvb2tp\nZXECVQZ3b3JrZWRxA3Mu\n"}}, {"pk": "a6d46d80e36ef58a404ffc8d86519aa9", "model": "sessions.session", "fields": {"expire_date": "2012-02-08T17:00:27", "session_data": "OTE3Y2FhM2Q1YmExMTBmZGE5OTg2NGFiY2QwYjdlZWM0NzM0MWQzZDqAAn1xAVUKdGVzdGNvb2tp\nZXECVQZ3b3JrZWRxA3Mu\n"}}, {"pk": "a85d77db30bc6fdb86b918f9d8957004", "model": "sessions.session", "fields": {"expire_date": "2012-03-09T12:55:02", "session_data": "OTE3Y2FhM2Q1YmExMTBmZGE5OTg2NGFiY2QwYjdlZWM0NzM0MWQzZDqAAn1xAVUKdGVzdGNvb2tp\nZXECVQZ3b3JrZWRxA3Mu\n"}}, {"pk": "a9c1fcf2e77b8c838a34d2116a671905", "model": "sessions.session", "fields": {"expire_date": "2012-03-03T20:31:34", "session_data": "OTE3Y2FhM2Q1YmExMTBmZGE5OTg2NGFiY2QwYjdlZWM0NzM0MWQzZDqAAn1xAVUKdGVzdGNvb2tp\nZXECVQZ3b3JrZWRxA3Mu\n"}}, {"pk": "aa8fe79fd12e03645980b40d6c893a90", "model": "sessions.session", "fields": {"expire_date": "2012-01-05T22:12:19", "session_data": "OTE3Y2FhM2Q1YmExMTBmZGE5OTg2NGFiY2QwYjdlZWM0NzM0MWQzZDqAAn1xAVUKdGVzdGNvb2tp\nZXECVQZ3b3JrZWRxA3Mu\n"}}, {"pk": "aaf77aa971b4300e21f2a8b40b472c03", "model": "sessions.session", "fields": {"expire_date": "2012-03-04T23:29:24", "session_data": "OTE3Y2FhM2Q1YmExMTBmZGE5OTg2NGFiY2QwYjdlZWM0NzM0MWQzZDqAAn1xAVUKdGVzdGNvb2tp\nZXECVQZ3b3JrZWRxA3Mu\n"}}, {"pk": "ab3efd9e1d00c3d378e4922bef1a7fbf", "model": "sessions.session", "fields": {"expire_date": "2012-02-11T12:55:28", "session_data": "OTE3Y2FhM2Q1YmExMTBmZGE5OTg2NGFiY2QwYjdlZWM0NzM0MWQzZDqAAn1xAVUKdGVzdGNvb2tp\nZXECVQZ3b3JrZWRxA3Mu\n"}}, {"pk": "ab9261c45cf6d2589d121bb034d038f6", "model": "sessions.session", "fields": {"expire_date": "2011-09-26T18:44:44", "session_data": "NGU0NzYwYjVhZDNiOWY0MGM4YTliZjRiMzEzMWFiZDcxYTU1NTkwMzqAAn1xAShVEl9hdXRoX3Vz\nZXJfYmFja2VuZHECVSlkamFuZ28uY29udHJpYi5hdXRoLmJhY2tlbmRzLk1vZGVsQmFja2VuZHED\nVQ1fYXV0aF91c2VyX2lkcQSKAQR1Lg==\n"}}, {"pk": "af93471341d04c3f7b2d209d9a2d5b69", "model": "sessions.session", "fields": {"expire_date": "2012-01-20T10:04:21", "session_data": "OTE3Y2FhM2Q1YmExMTBmZGE5OTg2NGFiY2QwYjdlZWM0NzM0MWQzZDqAAn1xAVUKdGVzdGNvb2tp\nZXECVQZ3b3JrZWRxA3Mu\n"}}, {"pk": "aff02b9908224aeb8d5b325a8aa9e263", "model": "sessions.session", "fields": {"expire_date": "2011-12-29T10:38:16", "session_data": "NzQ4ODA0NjliZDFlMmRlNWI0ZThmMDQzMTI3OGNlMDA4ZmZhZGU2ZDqAAn1xAShVEl9hdXRoX3Vz\nZXJfYmFja2VuZHECVSlkamFuZ28uY29udHJpYi5hdXRoLmJhY2tlbmRzLk1vZGVsQmFja2VuZHED\nVQ1fYXV0aF91c2VyX2lkcQSKAQV1Lg==\n"}}, {"pk": "b07fc8aec130164c8f340ae9e8fba070", "model": "sessions.session", "fields": {"expire_date": "2011-12-29T09:51:52", "session_data": "OTE3Y2FhM2Q1YmExMTBmZGE5OTg2NGFiY2QwYjdlZWM0NzM0MWQzZDqAAn1xAVUKdGVzdGNvb2tp\nZXECVQZ3b3JrZWRxA3Mu\n"}}, {"pk": "b1bb1cbdcfcd021aabbc3a8da26275a0", "model": "sessions.session", "fields": {"expire_date": "2012-01-27T14:04:42", "session_data": "OTE3Y2FhM2Q1YmExMTBmZGE5OTg2NGFiY2QwYjdlZWM0NzM0MWQzZDqAAn1xAVUKdGVzdGNvb2tp\nZXECVQZ3b3JrZWRxA3Mu\n"}}, {"pk": "b3235a2c2125398673438f949d32693b", "model": "sessions.session", "fields": {"expire_date": "2012-01-18T23:06:55", "session_data": "OTE3Y2FhM2Q1YmExMTBmZGE5OTg2NGFiY2QwYjdlZWM0NzM0MWQzZDqAAn1xAVUKdGVzdGNvb2tp\nZXECVQZ3b3JrZWRxA3Mu\n"}}, {"pk": "b3553cbc10ae7d0f2dba5a5608ca21b2", "model": "sessions.session", "fields": {"expire_date": "2012-01-08T02:55:18", "session_data": "OTE3Y2FhM2Q1YmExMTBmZGE5OTg2NGFiY2QwYjdlZWM0NzM0MWQzZDqAAn1xAVUKdGVzdGNvb2tp\nZXECVQZ3b3JrZWRxA3Mu\n"}}, {"pk": "b64593bfc08a95bc0f563c0a88bf9f53", "model": "sessions.session", "fields": {"expire_date": "2012-02-03T23:42:10", "session_data": "OTE3Y2FhM2Q1YmExMTBmZGE5OTg2NGFiY2QwYjdlZWM0NzM0MWQzZDqAAn1xAVUKdGVzdGNvb2tp\nZXECVQZ3b3JrZWRxA3Mu\n"}}, {"pk": "b69cc4b5e1ea7d7d8b8ac4ac8e9c4baf", "model": "sessions.session", "fields": {"expire_date": "2012-03-05T05:11:21", "session_data": "OTE3Y2FhM2Q1YmExMTBmZGE5OTg2NGFiY2QwYjdlZWM0NzM0MWQzZDqAAn1xAVUKdGVzdGNvb2tp\nZXECVQZ3b3JrZWRxA3Mu\n"}}, {"pk": "bd15d9304b2de1c602cbb9ab567ac087", "model": "sessions.session", "fields": {"expire_date": "2012-02-16T23:34:29", "session_data": "OTE3Y2FhM2Q1YmExMTBmZGE5OTg2NGFiY2QwYjdlZWM0NzM0MWQzZDqAAn1xAVUKdGVzdGNvb2tp\nZXECVQZ3b3JrZWRxA3Mu\n"}}, {"pk": "bd4062da2ed751e8c4ad288f739c10d3", "model": "sessions.session", "fields": {"expire_date": "2012-02-24T16:15:15", "session_data": "OTE3Y2FhM2Q1YmExMTBmZGE5OTg2NGFiY2QwYjdlZWM0NzM0MWQzZDqAAn1xAVUKdGVzdGNvb2tp\nZXECVQZ3b3JrZWRxA3Mu\n"}}, {"pk": "be0b5ee695380478389d0202f0600821", "model": "sessions.session", "fields": {"expire_date": "2011-12-20T22:05:17", "session_data": "OTE3Y2FhM2Q1YmExMTBmZGE5OTg2NGFiY2QwYjdlZWM0NzM0MWQzZDqAAn1xAVUKdGVzdGNvb2tp\nZXECVQZ3b3JrZWRxA3Mu\n"}}, {"pk": "bed3766b5e66c337d8aa5246c69e333c", "model": "sessions.session", "fields": {"expire_date": "2012-01-27T14:04:31", "session_data": "OTE3Y2FhM2Q1YmExMTBmZGE5OTg2NGFiY2QwYjdlZWM0NzM0MWQzZDqAAn1xAVUKdGVzdGNvb2tp\nZXECVQZ3b3JrZWRxA3Mu\n"}}, {"pk": "bf2c904fbebe973dbfa385c88a2f9f50", "model": "sessions.session", "fields": {"expire_date": "2012-02-13T16:47:21", "session_data": "OTE3Y2FhM2Q1YmExMTBmZGE5OTg2NGFiY2QwYjdlZWM0NzM0MWQzZDqAAn1xAVUKdGVzdGNvb2tp\nZXECVQZ3b3JrZWRxA3Mu\n"}}, {"pk": "c088de1f041e335901ce8a2d94cf625a", "model": "sessions.session", "fields": {"expire_date": "2012-02-06T14:33:02", "session_data": "OTE3Y2FhM2Q1YmExMTBmZGE5OTg2NGFiY2QwYjdlZWM0NzM0MWQzZDqAAn1xAVUKdGVzdGNvb2tp\nZXECVQZ3b3JrZWRxA3Mu\n"}}, {"pk": "c2f8c612f5b2bc9f2a298febd20fa0ca", "model": "sessions.session", "fields": {"expire_date": "2012-01-27T14:04:36", "session_data": "OTE3Y2FhM2Q1YmExMTBmZGE5OTg2NGFiY2QwYjdlZWM0NzM0MWQzZDqAAn1xAVUKdGVzdGNvb2tp\nZXECVQZ3b3JrZWRxA3Mu\n"}}, {"pk": "c605499d4b50ae0ae7285c6e72680939", "model": "sessions.session", "fields": {"expire_date": "2011-12-19T08:14:43", "session_data": "OTE3Y2FhM2Q1YmExMTBmZGE5OTg2NGFiY2QwYjdlZWM0NzM0MWQzZDqAAn1xAVUKdGVzdGNvb2tp\nZXECVQZ3b3JrZWRxA3Mu\n"}}, {"pk": "cbaf02165f6d7f8dfc91746730fd56ab", "model": "sessions.session", "fields": {"expire_date": "2011-12-24T21:44:57", "session_data": "OTE3Y2FhM2Q1YmExMTBmZGE5OTg2NGFiY2QwYjdlZWM0NzM0MWQzZDqAAn1xAVUKdGVzdGNvb2tp\nZXECVQZ3b3JrZWRxA3Mu\n"}}, {"pk": "cd9ee2d16a944265abb21551415d532b", "model": "sessions.session", "fields": {"expire_date": "2011-10-12T12:53:55", "session_data": "ZmExY2YzNzdjYTQ3M2VmNWY2Zjc2OTI1NmM1YzBhNzMwYjE0ZmQwMTqAAn1xAShVDV9hdXRoX3Vz\nZXJfaWSKAQNVEl9hdXRoX3VzZXJfYmFja2VuZFUpZGphbmdvLmNvbnRyaWIuYXV0aC5iYWNrZW5k\ncy5Nb2RlbEJhY2tlbmRxAnUu\n"}}, {"pk": "ce9f167d243f4cd495252124bc194ab4", "model": "sessions.session", "fields": {"expire_date": "2012-05-25T13:53:33", "session_data": "NzQ4ODA0NjliZDFlMmRlNWI0ZThmMDQzMTI3OGNlMDA4ZmZhZGU2ZDqAAn1xAShVEl9hdXRoX3Vz\nZXJfYmFja2VuZHECVSlkamFuZ28uY29udHJpYi5hdXRoLmJhY2tlbmRzLk1vZGVsQmFja2VuZHED\nVQ1fYXV0aF91c2VyX2lkcQSKAQV1Lg==\n"}}, {"pk": "cfd93243ac5a05335bf67401cf113b2e", "model": "sessions.session", "fields": {"expire_date": "2012-03-12T16:39:36", "session_data": "NzQ4ODA0NjliZDFlMmRlNWI0ZThmMDQzMTI3OGNlMDA4ZmZhZGU2ZDqAAn1xAShVEl9hdXRoX3Vz\nZXJfYmFja2VuZHECVSlkamFuZ28uY29udHJpYi5hdXRoLmJhY2tlbmRzLk1vZGVsQmFja2VuZHED\nVQ1fYXV0aF91c2VyX2lkcQSKAQV1Lg==\n"}}, {"pk": "d20a7f190adf8a19a6cb1cbee031f50d", "model": "sessions.session", "fields": {"expire_date": "2012-01-11T07:24:10", "session_data": "OTE3Y2FhM2Q1YmExMTBmZGE5OTg2NGFiY2QwYjdlZWM0NzM0MWQzZDqAAn1xAVUKdGVzdGNvb2tp\nZXECVQZ3b3JrZWRxA3Mu\n"}}, {"pk": "d59864962fe4ec20679607d9eaa82303", "model": "sessions.session", "fields": {"expire_date": "2012-02-03T15:48:33", "session_data": "OTE3Y2FhM2Q1YmExMTBmZGE5OTg2NGFiY2QwYjdlZWM0NzM0MWQzZDqAAn1xAVUKdGVzdGNvb2tp\nZXECVQZ3b3JrZWRxA3Mu\n"}}, {"pk": "d63880fc2ad0ac5df56d5f4a1f165e61", "model": "sessions.session", "fields": {"expire_date": "2011-12-18T13:54:30", "session_data": "NzQ4ODA0NjliZDFlMmRlNWI0ZThmMDQzMTI3OGNlMDA4ZmZhZGU2ZDqAAn1xAShVEl9hdXRoX3Vz\nZXJfYmFja2VuZHECVSlkamFuZ28uY29udHJpYi5hdXRoLmJhY2tlbmRzLk1vZGVsQmFja2VuZHED\nVQ1fYXV0aF91c2VyX2lkcQSKAQV1Lg==\n"}}, {"pk": "d903c7418452ad0086e3032194be7863", "model": "sessions.session", "fields": {"expire_date": "2011-10-22T13:38:44", "session_data": "NGU0NzYwYjVhZDNiOWY0MGM4YTliZjRiMzEzMWFiZDcxYTU1NTkwMzqAAn1xAShVEl9hdXRoX3Vz\nZXJfYmFja2VuZHECVSlkamFuZ28uY29udHJpYi5hdXRoLmJhY2tlbmRzLk1vZGVsQmFja2VuZHED\nVQ1fYXV0aF91c2VyX2lkcQSKAQR1Lg==\n"}}, {"pk": "da895e9ada9593cb01a3379894f57908", "model": "sessions.session", "fields": {"expire_date": "2011-12-26T07:03:11", "session_data": "OTE3Y2FhM2Q1YmExMTBmZGE5OTg2NGFiY2QwYjdlZWM0NzM0MWQzZDqAAn1xAVUKdGVzdGNvb2tp\nZXECVQZ3b3JrZWRxA3Mu\n"}}, {"pk": "daa7b9d43c8b5a4b4984b015d141789d", "model": "sessions.session", "fields": {"expire_date": "2012-03-08T10:19:46", "session_data": "OTE3Y2FhM2Q1YmExMTBmZGE5OTg2NGFiY2QwYjdlZWM0NzM0MWQzZDqAAn1xAVUKdGVzdGNvb2tp\nZXECVQZ3b3JrZWRxA3Mu\n"}}, {"pk": "df2d8f30a6e9a02e8f6baab8a3323367", "model": "sessions.session", "fields": {"expire_date": "2012-02-28T22:47:44", "session_data": "OTE3Y2FhM2Q1YmExMTBmZGE5OTg2NGFiY2QwYjdlZWM0NzM0MWQzZDqAAn1xAVUKdGVzdGNvb2tp\nZXECVQZ3b3JrZWRxA3Mu\n"}}, {"pk": "e77631ece91782aecc9013a28173a8b9", "model": "sessions.session", "fields": {"expire_date": "2012-02-21T01:59:15", "session_data": "OTE3Y2FhM2Q1YmExMTBmZGE5OTg2NGFiY2QwYjdlZWM0NzM0MWQzZDqAAn1xAVUKdGVzdGNvb2tp\nZXECVQZ3b3JrZWRxA3Mu\n"}}, {"pk": "e7f6ed2ab413b5edd9619838c5b917bc", "model": "sessions.session", "fields": {"expire_date": "2011-12-20T15:57:36", "session_data": "OTE3Y2FhM2Q1YmExMTBmZGE5OTg2NGFiY2QwYjdlZWM0NzM0MWQzZDqAAn1xAVUKdGVzdGNvb2tp\nZXECVQZ3b3JrZWRxA3Mu\n"}}, {"pk": "e9162cc43140cce683df0368757d0092", "model": "sessions.session", "fields": {"expire_date": "2012-02-14T15:30:32", "session_data": "OTE3Y2FhM2Q1YmExMTBmZGE5OTg2NGFiY2QwYjdlZWM0NzM0MWQzZDqAAn1xAVUKdGVzdGNvb2tp\nZXECVQZ3b3JrZWRxA3Mu\n"}}, {"pk": "ea0fc446e01863585ccfb0290012f032", "model": "sessions.session", "fields": {"expire_date": "2011-12-25T19:45:19", "session_data": "OTE3Y2FhM2Q1YmExMTBmZGE5OTg2NGFiY2QwYjdlZWM0NzM0MWQzZDqAAn1xAVUKdGVzdGNvb2tp\nZXECVQZ3b3JrZWRxA3Mu\n"}}, {"pk": "ea337a7c9431c9733cf39a90219587d7", "model": "sessions.session", "fields": {"expire_date": "2012-02-11T08:28:25", "session_data": "OTE3Y2FhM2Q1YmExMTBmZGE5OTg2NGFiY2QwYjdlZWM0NzM0MWQzZDqAAn1xAVUKdGVzdGNvb2tp\nZXECVQZ3b3JrZWRxA3Mu\n"}}, {"pk": "ea78fddd3e539bf7fff8121ffa76117f", "model": "sessions.session", "fields": {"expire_date": "2012-02-24T02:41:56", "session_data": "OTE3Y2FhM2Q1YmExMTBmZGE5OTg2NGFiY2QwYjdlZWM0NzM0MWQzZDqAAn1xAVUKdGVzdGNvb2tp\nZXECVQZ3b3JrZWRxA3Mu\n"}}, {"pk": "ebd8895687de0899802a18bd1bdc6e28", "model": "sessions.session", "fields": {"expire_date": "2012-01-12T02:04:10", "session_data": "OTE3Y2FhM2Q1YmExMTBmZGE5OTg2NGFiY2QwYjdlZWM0NzM0MWQzZDqAAn1xAVUKdGVzdGNvb2tp\nZXECVQZ3b3JrZWRxA3Mu\n"}}, {"pk": "f005d69cc76b21462a00f72d06b8b2a0", "model": "sessions.session", "fields": {"expire_date": "2011-12-26T18:05:11", "session_data": "OTE3Y2FhM2Q1YmExMTBmZGE5OTg2NGFiY2QwYjdlZWM0NzM0MWQzZDqAAn1xAVUKdGVzdGNvb2tp\nZXECVQZ3b3JrZWRxA3Mu\n"}}, {"pk": "f14db47845f8d41ed23d8fedf577913f", "model": "sessions.session", "fields": {"expire_date": "2012-01-30T17:40:20", "session_data": "OTE3Y2FhM2Q1YmExMTBmZGE5OTg2NGFiY2QwYjdlZWM0NzM0MWQzZDqAAn1xAVUKdGVzdGNvb2tp\nZXECVQZ3b3JrZWRxA3Mu\n"}}, {"pk": "f3a73aeedb78b7f4a22f01818eb69e03", "model": "sessions.session", "fields": {"expire_date": "2012-02-21T13:35:56", "session_data": "OTE3Y2FhM2Q1YmExMTBmZGE5OTg2NGFiY2QwYjdlZWM0NzM0MWQzZDqAAn1xAVUKdGVzdGNvb2tp\nZXECVQZ3b3JrZWRxA3Mu\n"}}, {"pk": "f4d9ed6146fcd61b95a6d35223af948b", "model": "sessions.session", "fields": {"expire_date": "2012-01-22T16:55:34", "session_data": "OTE3Y2FhM2Q1YmExMTBmZGE5OTg2NGFiY2QwYjdlZWM0NzM0MWQzZDqAAn1xAVUKdGVzdGNvb2tp\nZXECVQZ3b3JrZWRxA3Mu\n"}}, {"pk": "f66511738d4d045af06de8b077c5252c", "model": "sessions.session", "fields": {"expire_date": "2012-01-24T15:01:09", "session_data": "OTE3Y2FhM2Q1YmExMTBmZGE5OTg2NGFiY2QwYjdlZWM0NzM0MWQzZDqAAn1xAVUKdGVzdGNvb2tp\nZXECVQZ3b3JrZWRxA3Mu\n"}}, {"pk": "f7d6eb0f99a384fc3ec84b43eaf70ea1", "model": "sessions.session", "fields": {"expire_date": "2012-01-27T14:04:39", "session_data": "OTE3Y2FhM2Q1YmExMTBmZGE5OTg2NGFiY2QwYjdlZWM0NzM0MWQzZDqAAn1xAVUKdGVzdGNvb2tp\nZXECVQZ3b3JrZWRxA3Mu\n"}}, {"pk": "f8c03d659cfb367d9e62a82c18fb511a", "model": "sessions.session", "fields": {"expire_date": "2011-12-22T05:03:12", "session_data": "OTE3Y2FhM2Q1YmExMTBmZGE5OTg2NGFiY2QwYjdlZWM0NzM0MWQzZDqAAn1xAVUKdGVzdGNvb2tp\nZXECVQZ3b3JrZWRxA3Mu\n"}}, {"pk": "f92f69657e0cbee18a5d986a195c272b", "model": "sessions.session", "fields": {"expire_date": "2012-01-27T14:04:41", "session_data": "OTE3Y2FhM2Q1YmExMTBmZGE5OTg2NGFiY2QwYjdlZWM0NzM0MWQzZDqAAn1xAVUKdGVzdGNvb2tp\nZXECVQZ3b3JrZWRxA3Mu\n"}}, {"pk": "fa2f4e1639eb4f3f20be84fe73d18f94", "model": "sessions.session", "fields": {"expire_date": "2011-12-27T16:05:14", "session_data": "OTE3Y2FhM2Q1YmExMTBmZGE5OTg2NGFiY2QwYjdlZWM0NzM0MWQzZDqAAn1xAVUKdGVzdGNvb2tp\nZXECVQZ3b3JrZWRxA3Mu\n"}}, {"pk": "fa8dec2693e9efde433e76aa5c79d9c5", "model": "sessions.session", "fields": {"expire_date": "2012-01-24T16:57:28", "session_data": "OTE3Y2FhM2Q1YmExMTBmZGE5OTg2NGFiY2QwYjdlZWM0NzM0MWQzZDqAAn1xAVUKdGVzdGNvb2tp\nZXECVQZ3b3JrZWRxA3Mu\n"}}, {"pk": "fec5922a17d3785188f17c6361f6f011", "model": "sessions.session", "fields": {"expire_date": "2012-01-24T21:36:30", "session_data": "OTE3Y2FhM2Q1YmExMTBmZGE5OTg2NGFiY2QwYjdlZWM0NzM0MWQzZDqAAn1xAVUKdGVzdGNvb2tp\nZXECVQZ3b3JrZWRxA3Mu\n"}}, {"pk": 1, "model": "sis.reportfield", "fields": {"name": "username"}}, {"pk": 2, "model": "sis.reasonleft", "fields": {"reason": "Expelled"}}, {"pk": 1, "model": "sis.reasonleft", "fields": {"reason": "Graduated"}}, {"pk": 3, "model": "sis.reasonleft", "fields": {"reason": "Transferred"}}, {"pk": 9, "model": "sis.gradelevel", "fields": {"name": "Freshman"}}, {"pk": 10, "model": "sis.gradelevel", "fields": {"name": "Sophomore"}}, {"pk": 11, "model": "sis.gradelevel", "fields": {"name": "Junior"}}, {"pk": 12, "model": "sis.gradelevel", "fields": {"name": "Senior"}}, {"pk": 1, "model": "work_study.timesheetperformancechoice", "fields": {"name": "Unacceptable", "rank": 1}}, {"pk": 2, "model": "work_study.timesheetperformancechoice", "fields": {"name": "Expectations Not Met", "rank": 2}}, {"pk": 3, "model": "work_study.timesheetperformancechoice", "fields": {"name": "Meets Expectations", "rank": 3}}, {"pk": 4, "model": "work_study.timesheetperformancechoice", "fields": {"name": "Exceeds Expectations", "rank": 4}}, {"pk": 5, "model": "work_study.timesheetperformancechoice", "fields": {"name": "Far Exceeds Expectations", "rank": 5}}, {"pk": 1, "model": "administration.configuration", "fields": {"help_text": "Names and numbers of CWSP staff goes here", "file": "", "name": "CWSP numbers", "value": " "}}, {"pk": 2, "model": "administration.configuration", "fields": {"help_text": "School phone number goes here.", "file": "", "name": "School number", "value": " "}}, {"pk": 3, "model": "administration.configuration", "fields": {"help_text": "Name and number of contact for contract changes/questions.", "file": "", "name": "Work Study Contract Number", "value": " "}}, {"pk": 4, "model": "administration.configuration", "fields": {"help_text": "Can teachers submit grades for only active marking period or any marking period.\r\n\r\nTrue (Default)\r\nFalse", "file": "", "name": "Teachers May Only Select Active Marking Period", "value": "True"}}, {"pk": 6, "model": "administration.configuration", "fields": {"help_text": "Can students submit more than one time sheet in the same day?\r\n\r\nTrue\r\nFalse (Default)", "file": "", "name": "Allow multiple time sheets in one day", "value": "False"}}, {"pk": 7, "model": "administration.configuration", "fields": {"help_text": "Are students able to submit timesheets marked as \"For Pay\" meaning they are working for themselves and will be paid. It is often useful to enable this only during holidays when students may be working additional hours for extra income.\r\n\r\nTrue\r\nFalse", "file": "", "name": "Allow for pay", "value": "False"}}, {"pk": 8, "model": "administration.configuration", "fields": {"help_text": "Hourly pay rate the school receives from a company while the student is working for their own pay. Do not include dollar sign.", "file": "", "name": "school pay rate per hour", "value": "10.63"}}, {"pk": 9, "model": "administration.configuration", "fields": {"help_text": "Hourly pay rate the student is receiving from working additional hours for their own pay.", "file": "", "name": "student pay rate per hour", "value": "9"}}, {"pk": 10, "model": "administration.configuration", "fields": {"help_text": "Minimal grade for a course to be considered passing. Does not take into account letter grades", "file": "", "name": "Passing Grade", "value": "1.67"}}, {"pk": 11, "model": "administration.configuration", "fields": {"help_text": "Enter the max numberic grade. For a 4.00 scale type in 4.", "file": "", "name": "Grade Scale", "value": "100"}}, {"pk": 12, "model": "administration.configuration", "fields": {"help_text": "Comma seperated list of letter grades that are considered passing", "file": "", "name": "Letter Passing Grade", "value": "A,B,C,P"}}, {"pk": 13, "model": "administration.configuration", "fields": {"help_text": "", "file": "", "name": "Header Logo", "value": ""}}, {"pk": 14, "model": "administration.configuration", "fields": {"help_text": "Typcially Student and Student Worker are maintained by two seperate teams. In some cases however the work study team might want to directly edit all student worker fields (name, etc)", "file": "", "name": "Edit all Student Worker Fields", "value": "False"}}, {"pk": 15, "model": "administration.configuration", "fields": {"help_text": "When making students out of applicants, if true a student worker will also be created.", "file": "", "name": "Admissions to student also makes student worker", "value": "False"}}, {"pk": 16, "model": "administration.configuration", "fields": {"help_text": "", "file": "", "name": "Students per FTE", "value": ""}}, {"pk": 17, "model": "administration.configuration", "fields": {"help_text": "", "file": "", "name": "From Email Address", "value": "donotreply@cristoreyny.org"}}, {"pk": 18, "model": "administration.configuration", "fields": {"help_text": "", "file": "", "name": "S", "value": "5"}}, {"pk": 19, "model": "administration.configuration", "fields": {"help_text": "", "file": "", "name": "email", "value": ""}}, {"pk": 20, "model": "administration.configuration", "fields": {"help_text": "", "file": "", "name": "Discipline Merit Default Days", "value": "14"}}, {"pk": 21, "model": "administration.configuration", "fields": {"help_text": "", "file": "", "name": "Discipline Merit Level One", "value": "0"}}, {"pk": 22, "model": "administration.configuration", "fields": {"help_text": "", "file": "", "name": "Discipline Merit Level Two", "value": "1"}}, {"pk": 23, "model": "administration.configuration", "fields": {"help_text": "", "file": "", "name": "Discipline Merit Level Three", "value": "3"}}, {"pk": 24, "model": "administration.configuration", "fields": {"help_text": "", "file": "", "name": "Discipline Merit Level Four", "value": "5"}}, {"pk": 25, "model": "administration.configuration", "fields": {"help_text": "", "file": "", "name": "Header Logo", "value": ""}}, {"pk": 26, "model": "administration.configuration", "fields": {"help_text": "", "file": "", "name": "School Name", "value": "Unnamed School"}}, {"pk": 27, "model": "administration.configuration", "fields": {"help_text": "", "file": "", "name": "School Color", "value": ""}}, {"pk": 1, "model": "administration.template", "fields": {"report_card": false, "transcript": false, "name": "Discipline Spreadsheet", "file": "templates/disc_spreadsheet.ods", "general_student": false}}, {"pk": 2, "model": "administration.template", "fields": {"report_card": false, "transcript": false, "name": "Discipline Report", "file": "templates/disc_report.odt", "general_student": false}}, {"pk": 3, "model": "administration.template", "fields": {"report_card": false, "transcript": false, "name": "Master Student Report", "file": "templates/master_report.odt", "general_student": true}}, {"pk": 4, "model": "administration.template", "fields": {"report_card": false, "transcript": true, "name": "Example Official Transcript", "file": "templates/Official_transcript.odt", "general_student": false}}, {"pk": 5, "model": "administration.template", "fields": {"report_card": true, "transcript": false, "name": "Example Report Card", "file": "templates/Report_Card.odt", "general_student": false}}, {"pk": 6, "model": "administration.template", "fields": {"report_card": false, "transcript": false, "name": "Student Schedule", "file": "templates/schedule_template.odt", "general_student": true}}, {"pk": 7, "model": "administration.template", "fields": {"report_card": false, "transcript": false, "name": "Envelope Labels", "file": "templates/standard_labels.odt", "general_student": true}}, {"pk": 8, "model": "administration.template", "fields": {"report_card": false, "transcript": false, "name": "Student Attendance Report", "file": "templates/Student_Attendance.odt", "general_student": false}}, {"pk": 9, "model": "administration.template", "fields": {"report_card": false, "transcript": false, "name": "Travel Maps", "file": "templates/travel_maps.odt", "general_student": false}}, {"pk": 10, "model": "administration.template", "fields": {"report_card": false, "transcript": true, "name": "Sample Unofficial Transcript", "file": "templates/unofficial_transcript.odt", "general_student": false}}, {"pk": 11, "model": "administration.template", "fields": {"report_card": false, "transcript": false, "name": "Transcript Nonoffical", "file": "", "general_student": false}}, {"pk": 12, "model": "administration.template", "fields": {"report_card": false, "transcript": false, "name": "Perfect attendance", "file": "", "general_student": false}}, {"pk": 13, "model": "administration.template", "fields": {"report_card": false, "transcript": false, "name": "Daily Attendance", "file": "", "general_student": false}}, {"pk": 14, "model": "administration.template", "fields": {"report_card": false, "transcript": false, "name": "OMR Student Test Result", "file": "", "general_student": false}}, {"pk": 15, "model": "administration.template", "fields": {"report_card": false, "transcript": true, "name": "nonmemb template", "file": "templates/Official_transcript_edited_by_BR_11_8_2.odt", "general_student": true}}, {"pk": 1, "model": "admissions.admissionlevel", "fields": {"name": "Inquiry", "order": 1}}, {"pk": 2, "model": "admissions.admissionlevel", "fields": {"name": "Applicant", "order": 2}}, {"pk": 3, "model": "admissions.admissionlevel", "fields": {"name": "Candidate", "order": 3}}, {"pk": 4, "model": "admissions.admissionlevel", "fields": {"name": "Decision", "order": 4}}, {"pk": 5, "model": "admissions.admissionlevel", "fields": {"name": "Accepted", "order": 6}}, {"pk": 6, "model": "admissions.admissionlevel", "fields": {"name": "Registered", "order": 7}}, {"pk": 1, "model": "admissions.admissioncheck", "fields": {"required": true, "name": "Application", "level": 2}}, {"pk": 11, "model": "admissions.admissioncheck", "fields": {"required": true, "name": "Birth Certificate", "level": 3}}, {"pk": 10, "model": "admissions.admissioncheck", "fields": {"required": true, "name": "Character Rec Letter", "level": 3}}, {"pk": 2, "model": "admissions.admissioncheck", "fields": {"required": true, "name": "Financial Aid", "level": 3}}, {"pk": 3, "model": "admissions.admissioncheck", "fields": {"required": true, "name": "Grade 7 Report Card", "level": 3}}, {"pk": 4, "model": "admissions.admissioncheck", "fields": {"required": true, "name": "Grade 8 Report Card", "level": 3}}, {"pk": 12, "model": "admissions.admissioncheck", "fields": {"required": true, "name": "Soc Sec Card", "level": 3}}, {"pk": 13, "model": "admissions.admissioncheck", "fields": {"required": true, "name": "Standardized Test", "level": 3}}, {"pk": 5, "model": "admissions.admissioncheck", "fields": {"required": true, "name": "Teacher  Rec Letter", "level": 3}}, {"pk": 19, "model": "admissions.admissioncheck", "fields": {"required": true, "name": "Application Forwarded For Review", "level": 4}}, {"pk": 20, "model": "admissions.admissioncheck", "fields": {"required": true, "name": "Application Returned To Admissions", "level": 4}}, {"pk": 15, "model": "admissions.admissioncheck", "fields": {"required": true, "name": "Accepted", "level": 5}}, {"pk": 21, "model": "admissions.admissioncheck", "fields": {"required": true, "name": "Deposit Paid", "level": 6}}, {"pk": 2, "model": "admissions.ethnicitychoice", "fields": {"name": "African-American"}}, {"pk": 51, "model": "admissions.ethnicitychoice", "fields": {"name": "African-American / Hispanic"}}, {"pk": 53, "model": "admissions.ethnicitychoice", "fields": {"name": "African-American / West Indian"}}, {"pk": 37, "model": "admissions.ethnicitychoice", "fields": {"name": "Albanian"}}, {"pk": 10, "model": "admissions.ethnicitychoice", "fields": {"name": "Asian"}}, {"pk": 33, "model": "admissions.ethnicitychoice", "fields": {"name": "Bangladeshi"}}, {"pk": 27, "model": "admissions.ethnicitychoice", "fields": {"name": "Carribean"}}, {"pk": 16, "model": "admissions.ethnicitychoice", "fields": {"name": "Caucasian"}}, {"pk": 13, "model": "admissions.ethnicitychoice", "fields": {"name": "Chilean"}}, {"pk": 8, "model": "admissions.ethnicitychoice", "fields": {"name": "Chinese"}}, {"pk": 7, "model": "admissions.ethnicitychoice", "fields": {"name": "Columbian"}}, {"pk": 5, "model": "admissions.ethnicitychoice", "fields": {"name": "Costa Rican"}}, {"pk": 15, "model": "admissions.ethnicitychoice", "fields": {"name": "Cuban"}}, {"pk": 3, "model": "admissions.ethnicitychoice", "fields": {"name": "Dominican"}}, {"pk": 48, "model": "admissions.ethnicitychoice", "fields": {"name": "Ecuadorian"}}, {"pk": 54, "model": "admissions.ethnicitychoice", "fields": {"name": "Filipino"}}, {"pk": 36, "model": "admissions.ethnicitychoice", "fields": {"name": "Guyanse"}}, {"pk": 43, "model": "admissions.ethnicitychoice", "fields": {"name": "Hispanic / Latino"}}, {"pk": 23, "model": "admissions.ethnicitychoice", "fields": {"name": "Honduran"}}, {"pk": 19, "model": "admissions.ethnicitychoice", "fields": {"name": "Indian"}}, {"pk": 29, "model": "admissions.ethnicitychoice", "fields": {"name": "Irish"}}, {"pk": 52, "model": "admissions.ethnicitychoice", "fields": {"name": "Irish / Hispanic"}}, {"pk": 44, "model": "admissions.ethnicitychoice", "fields": {"name": "Jamaican"}}, {"pk": 14, "model": "admissions.ethnicitychoice", "fields": {"name": "Korean"}}, {"pk": 11, "model": "admissions.ethnicitychoice", "fields": {"name": "Maltan"}}, {"pk": 4, "model": "admissions.ethnicitychoice", "fields": {"name": "Mexican"}}, {"pk": 39, "model": "admissions.ethnicitychoice", "fields": {"name": "Multiracial"}}, {"pk": 32, "model": "admissions.ethnicitychoice", "fields": {"name": "Native American"}}, {"pk": 42, "model": "admissions.ethnicitychoice", "fields": {"name": "Other"}}, {"pk": 26, "model": "admissions.ethnicitychoice", "fields": {"name": "Panamanian"}}, {"pk": 30, "model": "admissions.ethnicitychoice", "fields": {"name": "Polish"}}, {"pk": 1, "model": "admissions.ethnicitychoice", "fields": {"name": "Puerto Rican"}}, {"pk": 31, "model": "admissions.ethnicitychoice", "fields": {"name": "Vietnamese"}}, {"pk": 16, "model": "admissions.religionchoice", "fields": {"name": "anglican"}}, {"pk": 1, "model": "admissions.religionchoice", "fields": {"name": "Baptist"}}, {"pk": 10, "model": "admissions.religionchoice", "fields": {"name": "Buddist"}}, {"pk": 2, "model": "admissions.religionchoice", "fields": {"name": "Catholic"}}, {"pk": 3, "model": "admissions.religionchoice", "fields": {"name": "Christian"}}, {"pk": 11, "model": "admissions.religionchoice", "fields": {"name": "Episcopalian"}}, {"pk": 9, "model": "admissions.religionchoice", "fields": {"name": "Hindu"}}, {"pk": 13, "model": "admissions.religionchoice", "fields": {"name": "Jehovah Witness"}}, {"pk": 4, "model": "admissions.religionchoice", "fields": {"name": "Methodist"}}, {"pk": 15, "model": "admissions.religionchoice", "fields": {"name": "Mormon"}}, {"pk": 7, "model": "admissions.religionchoice", "fields": {"name": "Muslim"}}, {"pk": 5, "model": "admissions.religionchoice", "fields": {"name": "Non-Denominational"}}, {"pk": 12, "model": "admissions.religionchoice", "fields": {"name": "None / No response"}}, {"pk": 14, "model": "admissions.religionchoice", "fields": {"name": "Other"}}, {"pk": 6, "model": "admissions.religionchoice", "fields": {"name": "Seventh Day Adventist"}}, {"pk": 8, "model": "admissions.religionchoice", "fields": {"name": "Sikh"}}, {"pk": 32, "model": "admissions.heardaboutusoption", "fields": {"name": "Advertising / Print Media"}}, {"pk": 9, "model": "admissions.heardaboutusoption", "fields": {"name": "Church"}}, {"pk": 34, "model": "admissions.heardaboutusoption", "fields": {"name": "Community / After School Program"}}, {"pk": 30, "model": "admissions.heardaboutusoption", "fields": {"name": "Cristo Rey Student / Graduate"}}, {"pk": 2, "model": "admissions.heardaboutusoption", "fields": {"name": "Current School"}}, {"pk": 22, "model": "admissions.heardaboutusoption", "fields": {"name": "Family member"}}, {"pk": 35, "model": "admissions.heardaboutusoption", "fields": {"name": "Flyer / Brochure / Sign"}}, {"pk": 36, "model": "admissions.heardaboutusoption", "fields": {"name": "Friend / Neighbor"}}, {"pk": 14, "model": "admissions.heardaboutusoption", "fields": {"name": "Harlem Education Fair"}}, {"pk": 4, "model": "admissions.heardaboutusoption", "fields": {"name": "High School Fair"}}, {"pk": 31, "model": "admissions.heardaboutusoption", "fields": {"name": "Internet / Website"}}, {"pk": 33, "model": "admissions.heardaboutusoption", "fields": {"name": "Open House / Visit"}}, {"pk": 21, "model": "admissions.heardaboutusoption", "fields": {"name": "Other / Not indicated"}}, {"pk": 6, "model": "admissions.firstcontactoption", "fields": {"name": "Application Material Received"}}, {"pk": 3, "model": "admissions.firstcontactoption", "fields": {"name": "Email"}}, {"pk": 8, "model": "admissions.firstcontactoption", "fields": {"name": "In Person - Admissions visit"}}, {"pk": 10, "model": "admissions.firstcontactoption", "fields": {"name": "In Person - Walk-In"}}, {"pk": 4, "model": "admissions.firstcontactoption", "fields": {"name": "Letter"}}, {"pk": 1, "model": "admissions.firstcontactoption", "fields": {"name": "Phone"}}, {"pk": 4, "model": "admissions.applicationdecisionoption", "fields": {"name": "Accepted", "level": [5]}}, {"pk": 1, "model": "admissions.applicationdecisionoption", "fields": {"name": "Accepted Declined", "level": [5]}}, {"pk": 3, "model": "admissions.applicationdecisionoption", "fields": {"name": "Application Withdrawn", "level": [2, 3, 4]}}, {"pk": 7, "model": "admissions.applicationdecisionoption", "fields": {"name": "Decline Interview", "level": []}}, {"pk": 12, "model": "admissions.applicationdecisionoption", "fields": {"name": "Declined Assessment", "level": []}}, {"pk": 10, "model": "admissions.applicationdecisionoption", "fields": {"name": "Denied Admission", "level": [4]}}, {"pk": 11, "model": "admissions.applicationdecisionoption", "fields": {"name": "Registered Withdrawn", "level": [6]}}, {"pk": 6, "model": "admissions.applicationdecisionoption", "fields": {"name": "Rejected Age", "level": [1, 2]}}, {"pk": 5, "model": "admissions.applicationdecisionoption", "fields": {"name": "Rejected Income", "level": [2, 4]}}, {"pk": 2, "model": "admissions.applicationdecisionoption", "fields": {"name": "Transfer File Closed", "level": [2]}}, {"pk": 16, "model": "admissions.withdrawnchoices", "fields": {"name": "Academic"}}, {"pk": 21, "model": "admissions.withdrawnchoices", "fields": {"name": "Additional info requested never received"}}, {"pk": 15, "model": "admissions.withdrawnchoices", "fields": {"name": "Age"}}, {"pk": 3, "model": "admissions.withdrawnchoices", "fields": {"name": "Application Withdrawn"}}, {"pk": 7, "model": "admissions.withdrawnchoices", "fields": {"name": "Decline Interview"}}, {"pk": 8, "model": "admissions.withdrawnchoices", "fields": {"name": "Deferred"}}, {"pk": 17, "model": "admissions.withdrawnchoices", "fields": {"name": "Failed to attend assessment"}}, {"pk": 13, "model": "admissions.withdrawnchoices", "fields": {"name": "Income Too High"}}, {"pk": 23, "model": "admissions.withdrawnchoices", "fields": {"name": "Missed 2 Assessment Days"}}, {"pk": 11, "model": "admissions.withdrawnchoices", "fields": {"name": "Registered Withdrawn"}}, {"pk": 10, "model": "admissions.withdrawnchoices", "fields": {"name": "Rejected"}}, {"pk": 6, "model": "admissions.withdrawnchoices", "fields": {"name": "Rejected Age"}}, {"pk": 9, "model": "admissions.withdrawnchoices", "fields": {"name": "Rejected CWSP"}}, {"pk": 2, "model": "admissions.withdrawnchoices", "fields": {"name": "Rejected File"}}, {"pk": 5, "model": "admissions.withdrawnchoices", "fields": {"name": "Rejected Income"}}, {"pk": 20, "model": "admissions.withdrawnchoices", "fields": {"name": "School too far away"}}, {"pk": 19, "model": "admissions.withdrawnchoices", "fields": {"name": "See Contact Log"}}, {"pk": 26, "model": "admissions.withdrawnchoices", "fields": {"name": "To Attend Other HS"}}, {"pk": 14, "model": "admissions.countryoption", "fields": {"name": "Barbados"}}, {"pk": 2, "model": "admissions.countryoption", "fields": {"name": "Dominican Republic"}}, {"pk": 7, "model": "admissions.countryoption", "fields": {"name": "Ecuador"}}, {"pk": 5, "model": "admissions.countryoption", "fields": {"name": "Ghana"}}, {"pk": 4, "model": "admissions.countryoption", "fields": {"name": "Guinea"}}, {"pk": 9, "model": "admissions.countryoption", "fields": {"name": "Haiti"}}, {"pk": 11, "model": "admissions.countryoption", "fields": {"name": "India"}}, {"pk": 13, "model": "admissions.countryoption", "fields": {"name": "Jamaica"}}, {"pk": 10, "model": "admissions.countryoption", "fields": {"name": "Kenya"}}, {"pk": 3, "model": "admissions.countryoption", "fields": {"name": "Mexico"}}, {"pk": 12, "model": "admissions.countryoption", "fields": {"name": "Peru"}}, {"pk": 6, "model": "admissions.countryoption", "fields": {"name": "Senegal"}}, {"pk": 15, "model": "admissions.countryoption", "fields": {"name": "Trinidad & Tobago"}}, {"pk": 1, "model": "admissions.countryoption", "fields": {"name": "United States"}}, {"pk": 3, "model": "admissions.immigrationoption", "fields": {"name": "Permanent Resident Card"}}, {"pk": 1, "model": "admissions.immigrationoption", "fields": {"name": "Resident Alien Card"}}, {"pk": 2, "model": "admissions.immigrationoption", "fields": {"name": "Visa"}}, {"pk": 1, "model": "discipline.disciplineaction", "fields": {"name": "Detention", "major_offense": false}}, {"pk": 2, "model": "discipline.disciplineaction", "fields": {"name": "Suspension", "major_offense": false}}, {"pk": 1, "model": "discipline.infraction", "fields": {"comment": "Cheating"}}, {"pk": 2, "model": "discipline.infraction", "fields": {"comment": "Cell phone"}}, {"pk": 3, "model": "discipline.infraction", "fields": {"comment": "Disrespect"}}, {"pk": 4, "model": "discipline.infraction", "fields": {"comment": "Dress code violation"}}, {"pk": 1, "model": "attendance.attendancestatus", "fields": {"absent": false, "code": "P", "name": "Present", "excused": false, "teacher_selectable": true, "tardy": false}}, {"pk": 2, "model": "attendance.attendancestatus", "fields": {"absent": true, "code": "A", "name": "Absent", "excused": false, "teacher_selectable": true, "tardy": false}}, {"pk": 3, "model": "attendance.attendancestatus", "fields": {"absent": false, "code": "T", "name": "Tardy", "excused": false, "teacher_selectable": true, "tardy": true}}, {"pk": 4, "model": "attendance.attendancestatus", "fields": {"absent": true, "code": "AE", "name": "Absent Excused", "excused": true, "teacher_selectable": false, "tardy": false}}, {"pk": 5, "model": "attendance.attendancestatus", "fields": {"absent": false, "code": "TE", "name": "Tardy Excused", "excused": true, "teacher_selectable": false, "tardy": true}}, {"pk": 16, "model": "auth.permission", "fields": {"codename": "add_logentry", "name": "Can add log entry", "content_type": ["admin", "logentry"]}}, {"pk": 17, "model": "auth.permission", "fields": {"codename": "change_logentry", "name": "Can change log entry", "content_type": ["admin", "logentry"]}}, {"pk": 18, "model": "auth.permission", "fields": {"codename": "delete_logentry", "name": "Can delete log entry", "content_type": ["admin", "logentry"]}}, {"pk": 212, "model": "auth.permission", "fields": {"codename": "add_accesslog", "name": "Can add access log", "content_type": ["administration", "accesslog"]}}, {"pk": 213, "model": "auth.permission", "fields": {"codename": "change_accesslog", "name": "Can change access log", "content_type": ["administration", "accesslog"]}}, {"pk": 214, "model": "auth.permission", "fields": {"codename": "delete_accesslog", "name": "Can delete access log", "content_type": ["administration", "accesslog"]}}, {"pk": 215, "model": "auth.permission", "fields": {"codename": "add_configuration", "name": "Can add configuration", "content_type": ["administration", "configuration"]}}, {"pk": 216, "model": "auth.permission", "fields": {"codename": "change_configuration", "name": "Can change configuration", "content_type": ["administration", "configuration"]}}, {"pk": 217, "model": "auth.permission", "fields": {"codename": "delete_configuration", "name": "Can delete configuration", "content_type": ["administration", "configuration"]}}, {"pk": 218, "model": "auth.permission", "fields": {"codename": "add_template", "name": "Can add template", "content_type": ["administration", "template"]}}, {"pk": 219, "model": "auth.permission", "fields": {"codename": "change_template", "name": "Can change template", "content_type": ["administration", "template"]}}, {"pk": 220, "model": "auth.permission", "fields": {"codename": "delete_template", "name": "Can delete template", "content_type": ["administration", "template"]}}, {"pk": 224, "model": "auth.permission", "fields": {"codename": "add_admissioncheck", "name": "Can add admission check", "content_type": ["admissions", "admissioncheck"]}}, {"pk": 225, "model": "auth.permission", "fields": {"codename": "change_admissioncheck", "name": "Can change admission check", "content_type": ["admissions", "admissioncheck"]}}, {"pk": 226, "model": "auth.permission", "fields": {"codename": "delete_admissioncheck", "name": "Can delete admission check", "content_type": ["admissions", "admissioncheck"]}}, {"pk": 221, "model": "auth.permission", "fields": {"codename": "add_admissionlevel", "name": "Can add admission level", "content_type": ["admissions", "admissionlevel"]}}, {"pk": 222, "model": "auth.permission", "fields": {"codename": "change_admissionlevel", "name": "Can change admission level", "content_type": ["admissions", "admissionlevel"]}}, {"pk": 223, "model": "auth.permission", "fields": {"codename": "delete_admissionlevel", "name": "Can delete admission level", "content_type": ["admissions", "admissionlevel"]}}, {"pk": 260, "model": "auth.permission", "fields": {"codename": "add_applicant", "name": "Can add applicant", "content_type": ["admissions", "applicant"]}}, {"pk": 261, "model": "auth.permission", "fields": {"codename": "change_applicant", "name": "Can change applicant", "content_type": ["admissions", "applicant"]}}, {"pk": 262, "model": "auth.permission", "fields": {"codename": "delete_applicant", "name": "Can delete applicant", "content_type": ["admissions", "applicant"]}}, {"pk": 239, "model": "auth.permission", "fields": {"codename": "add_applicationdecisionoption", "name": "Can add application decision option", "content_type": ["admissions", "applicationdecisionoption"]}}, {"pk": 240, "model": "auth.permission", "fields": {"codename": "change_applicationdecisionoption", "name": "Can change application decision option", "content_type": ["admissions", "applicationdecisionoption"]}}, {"pk": 241, "model": "auth.permission", "fields": {"codename": "delete_applicationdecisionoption", "name": "Can delete application decision option", "content_type": ["admissions", "applicationdecisionoption"]}}, {"pk": 242, "model": "auth.permission", "fields": {"codename": "add_boroughoption", "name": "Can add borough option", "content_type": ["admissions", "boroughoption"]}}, {"pk": 243, "model": "auth.permission", "fields": {"codename": "change_boroughoption", "name": "Can change borough option", "content_type": ["admissions", "boroughoption"]}}, {"pk": 244, "model": "auth.permission", "fields": {"codename": "delete_boroughoption", "name": "Can delete borough option", "content_type": ["admissions", "boroughoption"]}}, {"pk": 263, "model": "auth.permission", "fields": {"codename": "add_contactlog", "name": "Can add contact log", "content_type": ["admissions", "contactlog"]}}, {"pk": 264, "model": "auth.permission", "fields": {"codename": "change_contactlog", "name": "Can change contact log", "content_type": ["admissions", "contactlog"]}}, {"pk": 265, "model": "auth.permission", "fields": {"codename": "delete_contactlog", "name": "Can delete contact log", "content_type": ["admissions", "contactlog"]}}, {"pk": 254, "model": "auth.permission", "fields": {"codename": "add_countryoption", "name": "Can add country option", "content_type": ["admissions", "countryoption"]}}, {"pk": 255, "model": "auth.permission", "fields": {"codename": "change_countryoption", "name": "Can change country option", "content_type": ["admissions", "countryoption"]}}, {"pk": 256, "model": "auth.permission", "fields": {"codename": "delete_countryoption", "name": "Can delete country option", "content_type": ["admissions", "countryoption"]}}, {"pk": 227, "model": "auth.permission", "fields": {"codename": "add_ethnicitychoice", "name": "Can add ethnicity choice", "content_type": ["admissions", "ethnicitychoice"]}}, {"pk": 228, "model": "auth.permission", "fields": {"codename": "change_ethnicitychoice", "name": "Can change ethnicity choice", "content_type": ["admissions", "ethnicitychoice"]}}, {"pk": 229, "model": "auth.permission", "fields": {"codename": "delete_ethnicitychoice", "name": "Can delete ethnicity choice", "content_type": ["admissions", "ethnicitychoice"]}}, {"pk": 245, "model": "auth.permission", "fields": {"codename": "add_feederschool", "name": "Can add feeder school", "content_type": ["admissions", "feederschool"]}}, {"pk": 246, "model": "auth.permission", "fields": {"codename": "change_feederschool", "name": "Can change feeder school", "content_type": ["admissions", "feederschool"]}}, {"pk": 247, "model": "auth.permission", "fields": {"codename": "delete_feederschool", "name": "Can delete feeder school", "content_type": ["admissions", "feederschool"]}}, {"pk": 236, "model": "auth.permission", "fields": {"codename": "add_firstcontactoption", "name": "Can add first contact option", "content_type": ["admissions", "firstcontactoption"]}}, {"pk": 237, "model": "auth.permission", "fields": {"codename": "change_firstcontactoption", "name": "Can change first contact option", "content_type": ["admissions", "firstcontactoption"]}}, {"pk": 238, "model": "auth.permission", "fields": {"codename": "delete_firstcontactoption", "name": "Can delete first contact option", "content_type": ["admissions", "firstcontactoption"]}}, {"pk": 233, "model": "auth.permission", "fields": {"codename": "add_heardaboutusoption", "name": "Can add heard about us option", "content_type": ["admissions", "heardaboutusoption"]}}, {"pk": 234, "model": "auth.permission", "fields": {"codename": "change_heardaboutusoption", "name": "Can change heard about us option", "content_type": ["admissions", "heardaboutusoption"]}}, {"pk": 235, "model": "auth.permission", "fields": {"codename": "delete_heardaboutusoption", "name": "Can delete heard about us option", "content_type": ["admissions", "heardaboutusoption"]}}, {"pk": 257, "model": "auth.permission", "fields": {"codename": "add_immigrationoption", "name": "Can add immigration option", "content_type": ["admissions", "immigrationoption"]}}, {"pk": 258, "model": "auth.permission", "fields": {"codename": "change_immigrationoption", "name": "Can change immigration option", "content_type": ["admissions", "immigrationoption"]}}, {"pk": 259, "model": "auth.permission", "fields": {"codename": "delete_immigrationoption", "name": "Can delete immigration option", "content_type": ["admissions", "immigrationoption"]}}, {"pk": 248, "model": "auth.permission", "fields": {"codename": "add_openhouse", "name": "Can add open house", "content_type": ["admissions", "openhouse"]}}, {"pk": 249, "model": "auth.permission", "fields": {"codename": "change_openhouse", "name": "Can change open house", "content_type": ["admissions", "openhouse"]}}, {"pk": 250, "model": "auth.permission", "fields": {"codename": "delete_openhouse", "name": "Can delete open house", "content_type": ["admissions", "openhouse"]}}, {"pk": 230, "model": "auth.permission", "fields": {"codename": "add_religionchoice", "name": "Can add religion choice", "content_type": ["admissions", "religionchoice"]}}, {"pk": 231, "model": "auth.permission", "fields": {"codename": "change_religionchoice", "name": "Can change religion choice", "content_type": ["admissions", "religionchoice"]}}, {"pk": 232, "model": "auth.permission", "fields": {"codename": "delete_religionchoice", "name": "Can delete religion choice", "content_type": ["admissions", "religionchoice"]}}, {"pk": 251, "model": "auth.permission", "fields": {"codename": "add_withdrawnchoices", "name": "Can add withdrawn choices", "content_type": ["admissions", "withdrawnchoices"]}}, {"pk": 252, "model": "auth.permission", "fields": {"codename": "change_withdrawnchoices", "name": "Can change withdrawn choices", "content_type": ["admissions", "withdrawnchoices"]}}, {"pk": 253, "model": "auth.permission", "fields": {"codename": "delete_withdrawnchoices", "name": "Can delete withdrawn choices", "content_type": ["admissions", "withdrawnchoices"]}}, {"pk": 294, "model": "auth.permission", "fields": {"codename": "add_attendancedailystat", "name": "Can add attendance daily stat", "content_type": ["attendance", "attendancedailystat"]}}, {"pk": 295, "model": "auth.permission", "fields": {"codename": "change_attendancedailystat", "name": "Can change attendance daily stat", "content_type": ["attendance", "attendancedailystat"]}}, {"pk": 296, "model": "auth.permission", "fields": {"codename": "delete_attendancedailystat", "name": "Can delete attendance daily stat", "content_type": ["attendance", "attendancedailystat"]}}, {"pk": 291, "model": "auth.permission", "fields": {"codename": "add_attendancelog", "name": "Can add attendance log", "content_type": ["attendance", "attendancelog"]}}, {"pk": 292, "model": "auth.permission", "fields": {"codename": "change_attendancelog", "name": "Can change attendance log", "content_type": ["attendance", "attendancelog"]}}, {"pk": 293, "model": "auth.permission", "fields": {"codename": "delete_attendancelog", "name": "Can delete attendance log", "content_type": ["attendance", "attendancelog"]}}, {"pk": 284, "model": "auth.permission", "fields": {"codename": "add_attendancestatus", "name": "Can add attendance status", "content_type": ["attendance", "attendancestatus"]}}, {"pk": 285, "model": "auth.permission", "fields": {"codename": "change_attendancestatus", "name": "Can change attendance status", "content_type": ["attendance", "attendancestatus"]}}, {"pk": 286, "model": "auth.permission", "fields": {"codename": "delete_attendancestatus", "name": "Can delete attendance status", "content_type": ["attendance", "attendancestatus"]}}, {"pk": 287, "model": "auth.permission", "fields": {"codename": "add_studentattendance", "name": "Can add student attendance", "content_type": ["attendance", "studentattendance"]}}, {"pk": 288, "model": "auth.permission", "fields": {"codename": "change_studentattendance", "name": "Can change student attendance", "content_type": ["attendance", "studentattendance"]}}, {"pk": 289, "model": "auth.permission", "fields": {"codename": "delete_studentattendance", "name": "Can delete student attendance", "content_type": ["attendance", "studentattendance"]}}, {"pk": 290, "model": "auth.permission", "fields": {"codename": "take_studentattendance", "name": "Take own student attendance", "content_type": ["attendance", "studentattendance"]}}, {"pk": 4, "model": "auth.permission", "fields": {"codename": "add_group", "name": "Can add group", "content_type": ["auth", "group"]}}, {"pk": 5, "model": "auth.permission", "fields": {"codename": "change_group", "name": "Can change group", "content_type": ["auth", "group"]}}, {"pk": 6, "model": "auth.permission", "fields": {"codename": "delete_group", "name": "Can delete group", "content_type": ["auth", "group"]}}, {"pk": 1, "model": "auth.permission", "fields": {"codename": "add_permission", "name": "Can add permission", "content_type": ["auth", "permission"]}}, {"pk": 2, "model": "auth.permission", "fields": {"codename": "change_permission", "name": "Can change permission", "content_type": ["auth", "permission"]}}, {"pk": 3, "model": "auth.permission", "fields": {"codename": "delete_permission", "name": "Can delete permission", "content_type": ["auth", "permission"]}}, {"pk": 7, "model": "auth.permission", "fields": {"codename": "add_user", "name": "Can add user", "content_type": ["auth", "user"]}}, {"pk": 8, "model": "auth.permission", "fields": {"codename": "change_user", "name": "Can change user", "content_type": ["auth", "user"]}}, {"pk": 9, "model": "auth.permission", "fields": {"codename": "delete_user", "name": "Can delete user", "content_type": ["auth", "user"]}}, {"pk": 10, "model": "auth.permission", "fields": {"codename": "add_contenttype", "name": "Can add content type", "content_type": ["contenttypes", "contenttype"]}}, {"pk": 11, "model": "auth.permission", "fields": {"codename": "change_contenttype", "name": "Can change content type", "content_type": ["contenttypes", "contenttype"]}}, {"pk": 12, "model": "auth.permission", "fields": {"codename": "delete_contenttype", "name": "Can delete content type", "content_type": ["contenttypes", "contenttype"]}}, {"pk": 314, "model": "auth.permission", "fields": {"codename": "add_customfield", "name": "Can add custom field", "content_type": ["custom_field", "customfield"]}}, {"pk": 315, "model": "auth.permission", "fields": {"codename": "change_customfield", "name": "Can change custom field", "content_type": ["custom_field", "customfield"]}}, {"pk": 316, "model": "auth.permission", "fields": {"codename": "delete_customfield", "name": "Can delete custom field", "content_type": ["custom_field", "customfield"]}}, {"pk": 317, "model": "auth.permission", "fields": {"codename": "add_customfieldvalue", "name": "Can add custom field value", "content_type": ["custom_field", "customfieldvalue"]}}, {"pk": 318, "model": "auth.permission", "fields": {"codename": "change_customfieldvalue", "name": "Can change custom field value", "content_type": ["custom_field", "customfieldvalue"]}}, {"pk": 319, "model": "auth.permission", "fields": {"codename": "delete_customfieldvalue", "name": "Can delete custom field value", "content_type": ["custom_field", "customfieldvalue"]}}, {"pk": 272, "model": "auth.permission", "fields": {"codename": "add_disciplineaction", "name": "Can add discipline action", "content_type": ["discipline", "disciplineaction"]}}, {"pk": 273, "model": "auth.permission", "fields": {"codename": "change_disciplineaction", "name": "Can change discipline action", "content_type": ["discipline", "disciplineaction"]}}, {"pk": 274, "model": "auth.permission", "fields": {"codename": "delete_disciplineaction", "name": "Can delete discipline action", "content_type": ["discipline", "disciplineaction"]}}, {"pk": 275, "model": "auth.permission", "fields": {"codename": "add_disciplineactioninstance", "name": "Can add discipline action instance", "content_type": ["discipline", "disciplineactioninstance"]}}, {"pk": 276, "model": "auth.permission", "fields": {"codename": "change_disciplineactioninstance", "name": "Can change discipline action instance", "content_type": ["discipline", "disciplineactioninstance"]}}, {"pk": 277, "model": "auth.permission", "fields": {"codename": "delete_disciplineactioninstance", "name": "Can delete discipline action instance", "content_type": ["discipline", "disciplineactioninstance"]}}, {"pk": 278, "model": "auth.permission", "fields": {"codename": "add_infraction", "name": "Can add infraction", "content_type": ["discipline", "infraction"]}}, {"pk": 279, "model": "auth.permission", "fields": {"codename": "change_infraction", "name": "Can change infraction", "content_type": ["discipline", "infraction"]}}, {"pk": 280, "model": "auth.permission", "fields": {"codename": "delete_infraction", "name": "Can delete infraction", "content_type": ["discipline", "infraction"]}}, {"pk": 281, "model": "auth.permission", "fields": {"codename": "add_studentdiscipline", "name": "Can add student discipline", "content_type": ["discipline", "studentdiscipline"]}}, {"pk": 282, "model": "auth.permission", "fields": {"codename": "change_studentdiscipline", "name": "Can change student discipline", "content_type": ["discipline", "studentdiscipline"]}}, {"pk": 283, "model": "auth.permission", "fields": {"codename": "delete_studentdiscipline", "name": "Can delete student discipline", "content_type": ["discipline", "studentdiscipline"]}}, {"pk": 266, "model": "auth.permission", "fields": {"codename": "add_coursesync", "name": "Can add course sync", "content_type": ["engrade_sync", "coursesync"]}}, {"pk": 267, "model": "auth.permission", "fields": {"codename": "change_coursesync", "name": "Can change course sync", "content_type": ["engrade_sync", "coursesync"]}}, {"pk": 268, "model": "auth.permission", "fields": {"codename": "delete_coursesync", "name": "Can delete course sync", "content_type": ["engrade_sync", "coursesync"]}}, {"pk": 269, "model": "auth.permission", "fields": {"codename": "add_teachersync", "name": "Can add teacher sync", "content_type": ["engrade_sync", "teachersync"]}}, {"pk": 270, "model": "auth.permission", "fields": {"codename": "change_teachersync", "name": "Can change teacher sync", "content_type": ["engrade_sync", "teachersync"]}}, {"pk": 271, "model": "auth.permission", "fields": {"codename": "delete_teachersync", "name": "Can delete teacher sync", "content_type": ["engrade_sync", "teachersync"]}}, {"pk": 300, "model": "auth.permission", "fields": {"codename": "add_grade", "name": "Can add grade", "content_type": ["grades", "grade"]}}, {"pk": 301, "model": "auth.permission", "fields": {"codename": "change_grade", "name": "Can change grade", "content_type": ["grades", "grade"]}}, {"pk": 304, "model": "auth.permission", "fields": {"codename": "change_own_final_grade", "name": "Change final YTD grades for own class", "content_type": ["grades", "grade"]}}, {"pk": 303, "model": "auth.permission", "fields": {"codename": "change_own_grade", "name": "Change grades for own class", "content_type": ["grades", "grade"]}}, {"pk": 302, "model": "auth.permission", "fields": {"codename": "delete_grade", "name": "Can delete grade", "content_type": ["grades", "grade"]}}, {"pk": 297, "model": "auth.permission", "fields": {"codename": "add_gradecomment", "name": "Can add grade comment", "content_type": ["grades", "gradecomment"]}}, {"pk": 298, "model": "auth.permission", "fields": {"codename": "change_gradecomment", "name": "Can change grade comment", "content_type": ["grades", "gradecomment"]}}, {"pk": 299, "model": "auth.permission", "fields": {"codename": "delete_gradecomment", "name": "Can delete grade comment", "content_type": ["grades", "gradecomment"]}}, {"pk": 311, "model": "auth.permission", "fields": {"codename": "add_ldapgroup", "name": "Can add ldap group", "content_type": ["ldap_groups", "ldapgroup"]}}, {"pk": 312, "model": "auth.permission", "fields": {"codename": "change_ldapgroup", "name": "Can change ldap group", "content_type": ["ldap_groups", "ldapgroup"]}}, {"pk": 313, "model": "auth.permission", "fields": {"codename": "delete_ldapgroup", "name": "Can delete ldap group", "content_type": ["ldap_groups", "ldapgroup"]}}, {"pk": 305, "model": "auth.permission", "fields": {"codename": "add_revision", "name": "Can add revision", "content_type": ["reversion", "revision"]}}, {"pk": 306, "model": "auth.permission", "fields": {"codename": "change_revision", "name": "Can change revision", "content_type": ["reversion", "revision"]}}, {"pk": 307, "model": "auth.permission", "fields": {"codename": "delete_revision", "name": "Can delete revision", "content_type": ["reversion", "revision"]}}, {"pk": 308, "model": "auth.permission", "fields": {"codename": "add_version", "name": "Can add version", "content_type": ["reversion", "version"]}}, {"pk": 309, "model": "auth.permission", "fields": {"codename": "change_version", "name": "Can change version", "content_type": ["reversion", "version"]}}, {"pk": 310, "model": "auth.permission", "fields": {"codename": "delete_version", "name": "Can delete version", "content_type": ["reversion", "version"]}}, {"pk": 131, "model": "auth.permission", "fields": {"codename": "add_award", "name": "Can add award", "content_type": ["schedule", "award"]}}, {"pk": 132, "model": "auth.permission", "fields": {"codename": "change_award", "name": "Can change award", "content_type": ["schedule", "award"]}}, {"pk": 133, "model": "auth.permission", "fields": {"codename": "delete_award", "name": "Can delete award", "content_type": ["schedule", "award"]}}, {"pk": 134, "model": "auth.permission", "fields": {"codename": "add_awardstudent", "name": "Can add award student", "content_type": ["schedule", "awardstudent"]}}, {"pk": 135, "model": "auth.permission", "fields": {"codename": "change_awardstudent", "name": "Can change award student", "content_type": ["schedule", "awardstudent"]}}, {"pk": 136, "model": "auth.permission", "fields": {"codename": "delete_awardstudent", "name": "Can delete award student", "content_type": ["schedule", "awardstudent"]}}, {"pk": 110, "model": "auth.permission", "fields": {"codename": "add_course", "name": "Can add course", "content_type": ["schedule", "course"]}}, {"pk": 111, "model": "auth.permission", "fields": {"codename": "change_course", "name": "Can change course", "content_type": ["schedule", "course"]}}, {"pk": 112, "model": "auth.permission", "fields": {"codename": "delete_course", "name": "Can delete course", "content_type": ["schedule", "course"]}}, {"pk": 101, "model": "auth.permission", "fields": {"codename": "add_courseenrollment", "name": "Can add course enrollment", "content_type": ["schedule", "courseenrollment"]}}, {"pk": 102, "model": "auth.permission", "fields": {"codename": "change_courseenrollment", "name": "Can change course enrollment", "content_type": ["schedule", "courseenrollment"]}}, {"pk": 103, "model": "auth.permission", "fields": {"codename": "delete_courseenrollment", "name": "Can delete course enrollment", "content_type": ["schedule", "courseenrollment"]}}, {"pk": 95, "model": "auth.permission", "fields": {"codename": "add_coursemeet", "name": "Can add course meet", "content_type": ["schedule", "coursemeet"]}}, {"pk": 96, "model": "auth.permission", "fields": {"codename": "change_coursemeet", "name": "Can change course meet", "content_type": ["schedule", "coursemeet"]}}, {"pk": 97, "model": "auth.permission", "fields": {"codename": "delete_coursemeet", "name": "Can delete course meet", "content_type": ["schedule", "coursemeet"]}}, {"pk": 104, "model": "auth.permission", "fields": {"codename": "add_day", "name": "Can add day", "content_type": ["schedule", "day"]}}, {"pk": 105, "model": "auth.permission", "fields": {"codename": "change_day", "name": "Can change day", "content_type": ["schedule", "day"]}}, {"pk": 106, "model": "auth.permission", "fields": {"codename": "delete_day", "name": "Can delete day", "content_type": ["schedule", "day"]}}, {"pk": 89, "model": "auth.permission", "fields": {"codename": "add_daysoff", "name": "Can add days off", "content_type": ["schedule", "daysoff"]}}, {"pk": 90, "model": "auth.permission", "fields": {"codename": "change_daysoff", "name": "Can change days off", "content_type": ["schedule", "daysoff"]}}, {"pk": 91, "model": "auth.permission", "fields": {"codename": "delete_daysoff", "name": "Can delete days off", "content_type": ["schedule", "daysoff"]}}, {"pk": 107, "model": "auth.permission", "fields": {"codename": "add_department", "name": "Can add department", "content_type": ["schedule", "department"]}}, {"pk": 108, "model": "auth.permission", "fields": {"codename": "change_department", "name": "Can change department", "content_type": ["schedule", "department"]}}, {"pk": 109, "model": "auth.permission", "fields": {"codename": "delete_department", "name": "Can delete department", "content_type": ["schedule", "department"]}}, {"pk": 98, "model": "auth.permission", "fields": {"codename": "add_location", "name": "Can add location", "content_type": ["schedule", "location"]}}, {"pk": 99, "model": "auth.permission", "fields": {"codename": "change_location", "name": "Can change location", "content_type": ["schedule", "location"]}}, {"pk": 100, "model": "auth.permission", "fields": {"codename": "delete_location", "name": "Can delete location", "content_type": ["schedule", "location"]}}, {"pk": 86, "model": "auth.permission", "fields": {"codename": "add_markingperiod", "name": "Can add marking period", "content_type": ["schedule", "markingperiod"]}}, {"pk": 87, "model": "auth.permission", "fields": {"codename": "change_markingperiod", "name": "Can change marking period", "content_type": ["schedule", "markingperiod"]}}, {"pk": 88, "model": "auth.permission", "fields": {"codename": "delete_markingperiod", "name": "Can delete marking period", "content_type": ["schedule", "markingperiod"]}}, {"pk": 113, "model": "auth.permission", "fields": {"codename": "add_omitcoursegpa", "name": "Can add omit course gpa", "content_type": ["schedule", "omitcoursegpa"]}}, {"pk": 114, "model": "auth.permission", "fields": {"codename": "change_omitcoursegpa", "name": "Can change omit course gpa", "content_type": ["schedule", "omitcoursegpa"]}}, {"pk": 115, "model": "auth.permission", "fields": {"codename": "delete_omitcoursegpa", "name": "Can delete omit course gpa", "content_type": ["schedule", "omitcoursegpa"]}}, {"pk": 116, "model": "auth.permission", "fields": {"codename": "add_omityeargpa", "name": "Can add omit year gpa", "content_type": ["schedule", "omityeargpa"]}}, {"pk": 117, "model": "auth.permission", "fields": {"codename": "change_omityeargpa", "name": "Can change omit year gpa", "content_type": ["schedule", "omityeargpa"]}}, {"pk": 118, "model": "auth.permission", "fields": {"codename": "delete_omityeargpa", "name": "Can delete omit year gpa", "content_type": ["schedule", "omityeargpa"]}}, {"pk": 92, "model": "auth.permission", "fields": {"codename": "add_period", "name": "Can add period", "content_type": ["schedule", "period"]}}, {"pk": 93, "model": "auth.permission", "fields": {"codename": "change_period", "name": "Can change period", "content_type": ["schedule", "period"]}}, {"pk": 94, "model": "auth.permission", "fields": {"codename": "delete_period", "name": "Can delete period", "content_type": ["schedule", "period"]}}, {"pk": 122, "model": "auth.permission", "fields": {"codename": "add_standardcategory", "name": "Can add standard category", "content_type": ["schedule", "standardcategory"]}}, {"pk": 123, "model": "auth.permission", "fields": {"codename": "change_standardcategory", "name": "Can change standard category", "content_type": ["schedule", "standardcategory"]}}, {"pk": 124, "model": "auth.permission", "fields": {"codename": "delete_standardcategory", "name": "Can delete standard category", "content_type": ["schedule", "standardcategory"]}}, {"pk": 128, "model": "auth.permission", "fields": {"codename": "add_standardcategorygrade", "name": "Can add standard category grade", "content_type": ["schedule", "standardcategorygrade"]}}, {"pk": 129, "model": "auth.permission", "fields": {"codename": "change_standardcategorygrade", "name": "Can change standard category grade", "content_type": ["schedule", "standardcategorygrade"]}}, {"pk": 130, "model": "auth.permission", "fields": {"codename": "delete_standardcategorygrade", "name": "Can delete standard category grade", "content_type": ["schedule", "standardcategorygrade"]}}, {"pk": 119, "model": "auth.permission", "fields": {"codename": "add_standardtest", "name": "Can add standard test", "content_type": ["schedule", "standardtest"]}}, {"pk": 120, "model": "auth.permission", "fields": {"codename": "change_standardtest", "name": "Can change standard test", "content_type": ["schedule", "standardtest"]}}, {"pk": 121, "model": "auth.permission", "fields": {"codename": "delete_standardtest", "name": "Can delete standard test", "content_type": ["schedule", "standardtest"]}}, {"pk": 125, "model": "auth.permission", "fields": {"codename": "add_standardtestresult", "name": "Can add standard test result", "content_type": ["schedule", "standardtestresult"]}}, {"pk": 126, "model": "auth.permission", "fields": {"codename": "change_standardtestresult", "name": "Can change standard test result", "content_type": ["schedule", "standardtestresult"]}}, {"pk": 127, "model": "auth.permission", "fields": {"codename": "delete_standardtestresult", "name": "Can delete standard test result", "content_type": ["schedule", "standardtestresult"]}}, {"pk": 13, "model": "auth.permission", "fields": {"codename": "add_session", "name": "Can add session", "content_type": ["sessions", "session"]}}, {"pk": 14, "model": "auth.permission", "fields": {"codename": "change_session", "name": "Can change session", "content_type": ["sessions", "session"]}}, {"pk": 15, "model": "auth.permission", "fields": {"codename": "delete_session", "name": "Can delete session", "content_type": ["sessions", "session"]}}, {"pk": 56, "model": "auth.permission", "fields": {"codename": "add_asphistory", "name": "Can add asp history", "content_type": ["sis", "asphistory"]}}, {"pk": 57, "model": "auth.permission", "fields": {"codename": "change_asphistory", "name": "Can change asp history", "content_type": ["sis", "asphistory"]}}, {"pk": 58, "model": "auth.permission", "fields": {"codename": "delete_asphistory", "name": "Can delete asp history", "content_type": ["sis", "asphistory"]}}, {"pk": 37, "model": "auth.permission", "fields": {"codename": "add_cohort", "name": "Can add cohort", "content_type": ["sis", "cohort"]}}, {"pk": 38, "model": "auth.permission", "fields": {"codename": "change_cohort", "name": "Can change cohort", "content_type": ["sis", "cohort"]}}, {"pk": 39, "model": "auth.permission", "fields": {"codename": "delete_cohort", "name": "Can delete cohort", "content_type": ["sis", "cohort"]}}, {"pk": 28, "model": "auth.permission", "fields": {"codename": "add_emergencycontact", "name": "Can add Student Contact", "content_type": ["sis", "emergencycontact"]}}, {"pk": 29, "model": "auth.permission", "fields": {"codename": "change_emergencycontact", "name": "Can change Student Contact", "content_type": ["sis", "emergencycontact"]}}, {"pk": 30, "model": "auth.permission", "fields": {"codename": "delete_emergencycontact", "name": "Can delete Student Contact", "content_type": ["sis", "emergencycontact"]}}, {"pk": 31, "model": "auth.permission", "fields": {"codename": "add_emergencycontactnumber", "name": "Can add emergency contact number", "content_type": ["sis", "emergencycontactnumber"]}}, {"pk": 32, "model": "auth.permission", "fields": {"codename": "change_emergencycontactnumber", "name": "Can change emergency contact number", "content_type": ["sis", "emergencycontactnumber"]}}, {"pk": 33, "model": "auth.permission", "fields": {"codename": "delete_emergencycontactnumber", "name": "Can delete emergency contact number", "content_type": ["sis", "emergencycontactnumber"]}}, {"pk": 34, "model": "auth.permission", "fields": {"codename": "add_faculty", "name": "Can add faculty", "content_type": ["sis", "faculty"]}}, {"pk": 35, "model": "auth.permission", "fields": {"codename": "change_faculty", "name": "Can change faculty", "content_type": ["sis", "faculty"]}}, {"pk": 36, "model": "auth.permission", "fields": {"codename": "delete_faculty", "name": "Can delete faculty", "content_type": ["sis", "faculty"]}}, {"pk": 43, "model": "auth.permission", "fields": {"codename": "add_gradelevel", "name": "Can add grade level", "content_type": ["sis", "gradelevel"]}}, {"pk": 44, "model": "auth.permission", "fields": {"codename": "change_gradelevel", "name": "Can change grade level", "content_type": ["sis", "gradelevel"]}}, {"pk": 45, "model": "auth.permission", "fields": {"codename": "delete_gradelevel", "name": "Can delete grade level", "content_type": ["sis", "gradelevel"]}}, {"pk": 80, "model": "auth.permission", "fields": {"codename": "add_importlog", "name": "Can add import log", "content_type": ["sis", "importlog"]}}, {"pk": 81, "model": "auth.permission", "fields": {"codename": "change_importlog", "name": "Can change import log", "content_type": ["sis", "importlog"]}}, {"pk": 82, "model": "auth.permission", "fields": {"codename": "delete_importlog", "name": "Can delete import log", "content_type": ["sis", "importlog"]}}, {"pk": 46, "model": "auth.permission", "fields": {"codename": "add_languagechoice", "name": "Can add language choice", "content_type": ["sis", "languagechoice"]}}, {"pk": 47, "model": "auth.permission", "fields": {"codename": "change_languagechoice", "name": "Can change language choice", "content_type": ["sis", "languagechoice"]}}, {"pk": 48, "model": "auth.permission", "fields": {"codename": "delete_languagechoice", "name": "Can delete language choice", "content_type": ["sis", "languagechoice"]}}, {"pk": 25, "model": "auth.permission", "fields": {"codename": "add_mdluser", "name": "Can add mdl user", "content_type": ["sis", "mdluser"]}}, {"pk": 26, "model": "auth.permission", "fields": {"codename": "change_mdluser", "name": "Can change mdl user", "content_type": ["sis", "mdluser"]}}, {"pk": 27, "model": "auth.permission", "fields": {"codename": "delete_mdluser", "name": "Can delete mdl user", "content_type": ["sis", "mdluser"]}}, {"pk": 83, "model": "auth.permission", "fields": {"codename": "add_messagetostudent", "name": "Can add message to student", "content_type": ["sis", "messagetostudent"]}}, {"pk": 84, "model": "auth.permission", "fields": {"codename": "change_messagetostudent", "name": "Can change message to student", "content_type": ["sis", "messagetostudent"]}}, {"pk": 85, "model": "auth.permission", "fields": {"codename": "delete_messagetostudent", "name": "Can delete message to student", "content_type": ["sis", "messagetostudent"]}}, {"pk": 40, "model": "auth.permission", "fields": {"codename": "add_reasonleft", "name": "Can add reason left", "content_type": ["sis", "reasonleft"]}}, {"pk": 41, "model": "auth.permission", "fields": {"codename": "change_reasonleft", "name": "Can change reason left", "content_type": ["sis", "reasonleft"]}}, {"pk": 42, "model": "auth.permission", "fields": {"codename": "delete_reasonleft", "name": "Can delete reason left", "content_type": ["sis", "reasonleft"]}}, {"pk": 22, "model": "auth.permission", "fields": {"codename": "add_reportfield", "name": "Can add report field", "content_type": ["sis", "reportfield"]}}, {"pk": 23, "model": "auth.permission", "fields": {"codename": "change_reportfield", "name": "Can change report field", "content_type": ["sis", "reportfield"]}}, {"pk": 24, "model": "auth.permission", "fields": {"codename": "delete_reportfield", "name": "Can delete report field", "content_type": ["sis", "reportfield"]}}, {"pk": 77, "model": "auth.permission", "fields": {"codename": "add_schoolyear", "name": "Can add school year", "content_type": ["sis", "schoolyear"]}}, {"pk": 78, "model": "auth.permission", "fields": {"codename": "change_schoolyear", "name": "Can change school year", "content_type": ["sis", "schoolyear"]}}, {"pk": 79, "model": "auth.permission", "fields": {"codename": "delete_schoolyear", "name": "Can delete school year", "content_type": ["sis", "schoolyear"]}}, {"pk": 49, "model": "auth.permission", "fields": {"codename": "add_student", "name": "Can add student", "content_type": ["sis", "student"]}}, {"pk": 50, "model": "auth.permission", "fields": {"codename": "change_student", "name": "Can change student", "content_type": ["sis", "student"]}}, {"pk": 51, "model": "auth.permission", "fields": {"codename": "delete_student", "name": "Can delete student", "content_type": ["sis", "student"]}}, {"pk": 55, "model": "auth.permission", "fields": {"codename": "reports", "name": "View reports", "content_type": ["sis", "student"]}}, {"pk": 54, "model": "auth.permission", "fields": {"codename": "view_mentor_student", "name": "View mentoring information student", "content_type": ["sis", "student"]}}, {"pk": 53, "model": "auth.permission", "fields": {"codename": "view_ssn_student", "name": "View student ssn", "content_type": ["sis", "student"]}}, {"pk": 52, "model": "auth.permission", "fields": {"codename": "view_student", "name": "View student", "content_type": ["sis", "student"]}}, {"pk": 59, "model": "auth.permission", "fields": {"codename": "add_studentcohort", "name": "Can add student cohort", "content_type": ["sis", "studentcohort"]}}, {"pk": 60, "model": "auth.permission", "fields": {"codename": "change_studentcohort", "name": "Can change student cohort", "content_type": ["sis", "studentcohort"]}}, {"pk": 61, "model": "auth.permission", "fields": {"codename": "delete_studentcohort", "name": "Can delete student cohort", "content_type": ["sis", "studentcohort"]}}, {"pk": 71, "model": "auth.permission", "fields": {"codename": "add_studentfile", "name": "Can add student file", "content_type": ["sis", "studentfile"]}}, {"pk": 72, "model": "auth.permission", "fields": {"codename": "change_studentfile", "name": "Can change student file", "content_type": ["sis", "studentfile"]}}, {"pk": 73, "model": "auth.permission", "fields": {"codename": "delete_studentfile", "name": "Can delete student file", "content_type": ["sis", "studentfile"]}}, {"pk": 74, "model": "auth.permission", "fields": {"codename": "add_studenthealthrecord", "name": "Can add student health record", "content_type": ["sis", "studenthealthrecord"]}}, {"pk": 75, "model": "auth.permission", "fields": {"codename": "change_studenthealthrecord", "name": "Can change student health record", "content_type": ["sis", "studenthealthrecord"]}}, {"pk": 76, "model": "auth.permission", "fields": {"codename": "delete_studenthealthrecord", "name": "Can delete student health record", "content_type": ["sis", "studenthealthrecord"]}}, {"pk": 68, "model": "auth.permission", "fields": {"codename": "add_studentnumber", "name": "Can add student number", "content_type": ["sis", "studentnumber"]}}, {"pk": 69, "model": "auth.permission", "fields": {"codename": "change_studentnumber", "name": "Can change student number", "content_type": ["sis", "studentnumber"]}}, {"pk": 70, "model": "auth.permission", "fields": {"codename": "delete_studentnumber", "name": "Can delete student number", "content_type": ["sis", "studentnumber"]}}, {"pk": 65, "model": "auth.permission", "fields": {"codename": "add_transcriptnote", "name": "Can add transcript note", "content_type": ["sis", "transcriptnote"]}}, {"pk": 66, "model": "auth.permission", "fields": {"codename": "change_transcriptnote", "name": "Can change transcript note", "content_type": ["sis", "transcriptnote"]}}, {"pk": 67, "model": "auth.permission", "fields": {"codename": "delete_transcriptnote", "name": "Can delete transcript note", "content_type": ["sis", "transcriptnote"]}}, {"pk": 62, "model": "auth.permission", "fields": {"codename": "add_transcriptnotechoices", "name": "Can add transcript note choices", "content_type": ["sis", "transcriptnotechoices"]}}, {"pk": 63, "model": "auth.permission", "fields": {"codename": "change_transcriptnotechoices", "name": "Can change transcript note choices", "content_type": ["sis", "transcriptnotechoices"]}}, {"pk": 64, "model": "auth.permission", "fields": {"codename": "delete_transcriptnotechoices", "name": "Can delete transcript note choices", "content_type": ["sis", "transcriptnotechoices"]}}, {"pk": 19, "model": "auth.permission", "fields": {"codename": "add_userpreference", "name": "Can add user preference", "content_type": ["sis", "userpreference"]}}, {"pk": 20, "model": "auth.permission", "fields": {"codename": "change_userpreference", "name": "Can change user preference", "content_type": ["sis", "userpreference"]}}, {"pk": 21, "model": "auth.permission", "fields": {"codename": "delete_userpreference", "name": "Can delete user preference", "content_type": ["sis", "userpreference"]}}, {"pk": 203, "model": "auth.permission", "fields": {"codename": "add_attendance", "name": "Can add attendance", "content_type": ["work_study", "attendance"]}}, {"pk": 204, "model": "auth.permission", "fields": {"codename": "change_attendance", "name": "Can change attendance", "content_type": ["work_study", "attendance"]}}, {"pk": 205, "model": "auth.permission", "fields": {"codename": "delete_attendance", "name": "Can delete attendance", "content_type": ["work_study", "attendance"]}}, {"pk": 197, "model": "auth.permission", "fields": {"codename": "add_attendancefee", "name": "Can add attendance fee", "content_type": ["work_study", "attendancefee"]}}, {"pk": 198, "model": "auth.permission", "fields": {"codename": "change_attendancefee", "name": "Can change attendance fee", "content_type": ["work_study", "attendancefee"]}}, {"pk": 199, "model": "auth.permission", "fields": {"codename": "delete_attendancefee", "name": "Can delete attendance fee", "content_type": ["work_study", "attendancefee"]}}, {"pk": 200, "model": "auth.permission", "fields": {"codename": "add_attendancereason", "name": "Can add attendance reason", "content_type": ["work_study", "attendancereason"]}}, {"pk": 201, "model": "auth.permission", "fields": {"codename": "change_attendancereason", "name": "Can change attendance reason", "content_type": ["work_study", "attendancereason"]}}, {"pk": 202, "model": "auth.permission", "fields": {"codename": "delete_attendancereason", "name": "Can delete attendance reason", "content_type": ["work_study", "attendancereason"]}}, {"pk": 206, "model": "auth.permission", "fields": {"codename": "add_clientvisit", "name": "Can add client visit", "content_type": ["work_study", "clientvisit"]}}, {"pk": 207, "model": "auth.permission", "fields": {"codename": "change_clientvisit", "name": "Can change client visit", "content_type": ["work_study", "clientvisit"]}}, {"pk": 208, "model": "auth.permission", "fields": {"codename": "delete_clientvisit", "name": "Can delete client visit", "content_type": ["work_study", "clientvisit"]}}, {"pk": 146, "model": "auth.permission", "fields": {"codename": "add_company", "name": "Can add company", "content_type": ["work_study", "company"]}}, {"pk": 147, "model": "auth.permission", "fields": {"codename": "change_company", "name": "Can change company", "content_type": ["work_study", "company"]}}, {"pk": 148, "model": "auth.permission", "fields": {"codename": "delete_company", "name": "Can delete company", "content_type": ["work_study", "company"]}}, {"pk": 182, "model": "auth.permission", "fields": {"codename": "add_companyhistory", "name": "Can add company history", "content_type": ["work_study", "companyhistory"]}}, {"pk": 183, "model": "auth.permission", "fields": {"codename": "change_companyhistory", "name": "Can change company history", "content_type": ["work_study", "companyhistory"]}}, {"pk": 184, "model": "auth.permission", "fields": {"codename": "delete_companyhistory", "name": "Can delete company history", "content_type": ["work_study", "companyhistory"]}}, {"pk": 164, "model": "auth.permission", "fields": {"codename": "add_compcontract", "name": "Can add Company Contract", "content_type": ["work_study", "compcontract"]}}, {"pk": 165, "model": "auth.permission", "fields": {"codename": "change_compcontract", "name": "Can change Company Contract", "content_type": ["work_study", "compcontract"]}}, {"pk": 166, "model": "auth.permission", "fields": {"codename": "delete_compcontract", "name": "Can delete Company Contract", "content_type": ["work_study", "compcontract"]}}, {"pk": 143, "model": "auth.permission", "fields": {"codename": "add_contact", "name": "Can add Contact Supervisor", "content_type": ["work_study", "contact"]}}, {"pk": 144, "model": "auth.permission", "fields": {"codename": "change_contact", "name": "Can change Contact Supervisor", "content_type": ["work_study", "contact"]}}, {"pk": 145, "model": "auth.permission", "fields": {"codename": "delete_contact", "name": "Can delete Contact Supervisor", "content_type": ["work_study", "contact"]}}, {"pk": 137, "model": "auth.permission", "fields": {"codename": "add_cracontact", "name": "Can add Contact CRA", "content_type": ["work_study", "cracontact"]}}, {"pk": 138, "model": "auth.permission", "fields": {"codename": "change_cracontact", "name": "Can change Contact CRA", "content_type": ["work_study", "cracontact"]}}, {"pk": 139, "model": "auth.permission", "fields": {"codename": "delete_cracontact", "name": "Can delete Contact CRA", "content_type": ["work_study", "cracontact"]}}, {"pk": 170, "model": "auth.permission", "fields": {"codename": "add_handout33", "name": "Can add handout33", "content_type": ["work_study", "handout33"]}}, {"pk": 171, "model": "auth.permission", "fields": {"codename": "change_handout33", "name": "Can change handout33", "content_type": ["work_study", "handout33"]}}, {"pk": 172, "model": "auth.permission", "fields": {"codename": "delete_handout33", "name": "Can delete handout33", "content_type": ["work_study", "handout33"]}}, {"pk": 209, "model": "auth.permission", "fields": {"codename": "add_messagetosupervisor", "name": "Can add message to supervisor", "content_type": ["work_study", "messagetosupervisor"]}}, {"pk": 210, "model": "auth.permission", "fields": {"codename": "change_messagetosupervisor", "name": "Can change message to supervisor", "content_type": ["work_study", "messagetosupervisor"]}}, {"pk": 211, "model": "auth.permission", "fields": {"codename": "delete_messagetosupervisor", "name": "Can delete message to supervisor", "content_type": ["work_study", "messagetosupervisor"]}}, {"pk": 155, "model": "auth.permission", "fields": {"codename": "add_paymentoption", "name": "Can add payment option", "content_type": ["work_study", "paymentoption"]}}, {"pk": 156, "model": "auth.permission", "fields": {"codename": "change_paymentoption", "name": "Can change payment option", "content_type": ["work_study", "paymentoption"]}}, {"pk": 157, "model": "auth.permission", "fields": {"codename": "delete_paymentoption", "name": "Can delete payment option", "content_type": ["work_study", "paymentoption"]}}, {"pk": 167, "model": "auth.permission", "fields": {"codename": "add_personality", "name": "Can add personality", "content_type": ["work_study", "personality"]}}, {"pk": 168, "model": "auth.permission", "fields": {"codename": "change_personality", "name": "Can change personality", "content_type": ["work_study", "personality"]}}, {"pk": 169, "model": "auth.permission", "fields": {"codename": "delete_personality", "name": "Can delete personality", "content_type": ["work_study", "personality"]}}, {"pk": 140, "model": "auth.permission", "fields": {"codename": "add_pickuplocation", "name": "Can add Companies: pickup", "content_type": ["work_study", "pickuplocation"]}}, {"pk": 141, "model": "auth.permission", "fields": {"codename": "change_pickuplocation", "name": "Can change Companies: pickup", "content_type": ["work_study", "pickuplocation"]}}, {"pk": 142, "model": "auth.permission", "fields": {"codename": "delete_pickuplocation", "name": "Can delete Companies: pickup", "content_type": ["work_study", "pickuplocation"]}}, {"pk": 185, "model": "auth.permission", "fields": {"codename": "add_presetcomment", "name": "Can add preset comment", "content_type": ["work_study", "presetcomment"]}}, {"pk": 186, "model": "auth.permission", "fields": {"codename": "change_presetcomment", "name": "Can change preset comment", "content_type": ["work_study", "presetcomment"]}}, {"pk": 187, "model": "auth.permission", "fields": {"codename": "delete_presetcomment", "name": "Can delete preset comment", "content_type": ["work_study", "presetcomment"]}}, {"pk": 161, "model": "auth.permission", "fields": {"codename": "add_studentdesiredskill", "name": "Can add student desired skill", "content_type": ["work_study", "studentdesiredskill"]}}, {"pk": 162, "model": "auth.permission", "fields": {"codename": "change_studentdesiredskill", "name": "Can change student desired skill", "content_type": ["work_study", "studentdesiredskill"]}}, {"pk": 163, "model": "auth.permission", "fields": {"codename": "delete_studentdesiredskill", "name": "Can delete student desired skill", "content_type": ["work_study", "studentdesiredskill"]}}, {"pk": 158, "model": "auth.permission", "fields": {"codename": "add_studentfunctionalresponsibility", "name": "Can add student functional responsibility", "content_type": ["work_study", "studentfunctionalresponsibility"]}}, {"pk": 159, "model": "auth.permission", "fields": {"codename": "change_studentfunctionalresponsibility", "name": "Can change student functional responsibility", "content_type": ["work_study", "studentfunctionalresponsibility"]}}, {"pk": 160, "model": "auth.permission", "fields": {"codename": "delete_studentfunctionalresponsibility", "name": "Can delete student functional responsibility", "content_type": ["work_study", "studentfunctionalresponsibility"]}}, {"pk": 188, "model": "auth.permission", "fields": {"codename": "add_studentinteraction", "name": "Can add student interaction", "content_type": ["work_study", "studentinteraction"]}}, {"pk": 189, "model": "auth.permission", "fields": {"codename": "change_studentinteraction", "name": "Can change student interaction", "content_type": ["work_study", "studentinteraction"]}}, {"pk": 190, "model": "auth.permission", "fields": {"codename": "delete_studentinteraction", "name": "Can delete student interaction", "content_type": ["work_study", "studentinteraction"]}}, {"pk": 176, "model": "auth.permission", "fields": {"codename": "add_studentworker", "name": "Can add student worker", "content_type": ["work_study", "studentworker"]}}, {"pk": 177, "model": "auth.permission", "fields": {"codename": "change_studentworker", "name": "Can change student worker", "content_type": ["work_study", "studentworker"]}}, {"pk": 178, "model": "auth.permission", "fields": {"codename": "delete_studentworker", "name": "Can delete student worker", "content_type": ["work_study", "studentworker"]}}, {"pk": 173, "model": "auth.permission", "fields": {"codename": "add_studentworkerroute", "name": "Can add student worker route", "content_type": ["work_study", "studentworkerroute"]}}, {"pk": 174, "model": "auth.permission", "fields": {"codename": "change_studentworkerroute", "name": "Can change student worker route", "content_type": ["work_study", "studentworkerroute"]}}, {"pk": 175, "model": "auth.permission", "fields": {"codename": "delete_studentworkerroute", "name": "Can delete student worker route", "content_type": ["work_study", "studentworkerroute"]}}, {"pk": 179, "model": "auth.permission", "fields": {"codename": "add_survey", "name": "Can add survey", "content_type": ["work_study", "survey"]}}, {"pk": 180, "model": "auth.permission", "fields": {"codename": "change_survey", "name": "Can change survey", "content_type": ["work_study", "survey"]}}, {"pk": 181, "model": "auth.permission", "fields": {"codename": "delete_survey", "name": "Can delete survey", "content_type": ["work_study", "survey"]}}, {"pk": 194, "model": "auth.permission", "fields": {"codename": "add_timesheet", "name": "Can add time sheet", "content_type": ["work_study", "timesheet"]}}, {"pk": 195, "model": "auth.permission", "fields": {"codename": "change_timesheet", "name": "Can change time sheet", "content_type": ["work_study", "timesheet"]}}, {"pk": 196, "model": "auth.permission", "fields": {"codename": "delete_timesheet", "name": "Can delete time sheet", "content_type": ["work_study", "timesheet"]}}, {"pk": 191, "model": "auth.permission", "fields": {"codename": "add_timesheetperformancechoice", "name": "Can add time sheet performance choice", "content_type": ["work_study", "timesheetperformancechoice"]}}, {"pk": 192, "model": "auth.permission", "fields": {"codename": "change_timesheetperformancechoice", "name": "Can change time sheet performance choice", "content_type": ["work_study", "timesheetperformancechoice"]}}, {"pk": 193, "model": "auth.permission", "fields": {"codename": "delete_timesheetperformancechoice", "name": "Can delete time sheet performance choice", "content_type": ["work_study", "timesheetperformancechoice"]}}, {"pk": 152, "model": "auth.permission", "fields": {"codename": "add_workteam", "name": "Can add work team", "content_type": ["work_study", "workteam"]}}, {"pk": 153, "model": "auth.permission", "fields": {"codename": "change_workteam", "name": "Can change work team", "content_type": ["work_study", "workteam"]}}, {"pk": 154, "model": "auth.permission", "fields": {"codename": "delete_workteam", "name": "Can delete work team", "content_type": ["work_study", "workteam"]}}, {"pk": 149, "model": "auth.permission", "fields": {"codename": "add_workteamuser", "name": "Can add work team user", "content_type": ["work_study", "workteamuser"]}}, {"pk": 150, "model": "auth.permission", "fields": {"codename": "change_workteamuser", "name": "Can change work team user", "content_type": ["work_study", "workteamuser"]}}, {"pk": 151, "model": "auth.permission", "fields": {"codename": "delete_workteamuser", "name": "Can delete work team user", "content_type": ["work_study", "workteamuser"]}}, {"pk": 2, "model": "auth.group", "fields": {"name": "admissions", "permissions": []}}, {"pk": 3, "model": "auth.group", "fields": {"name": "company", "permissions": []}}, {"pk": 5, "model": "auth.group", "fields": {"name": "discipline", "permissions": []}}, {"pk": 1, "model": "auth.group", "fields": {"name": "faculty", "permissions": []}}, {"pk": 6, "model": "auth.group", "fields": {"name": "mentor", "permissions": []}}, {"pk": 7, "model": "auth.group", "fields": {"name": "registrar", "permissions": []}}, {"pk": 8, "model": "auth.group", "fields": {"name": "students", "permissions": []}}, {"pk": 9, "model": "auth.group", "fields": {"name": "teacher", "permissions": []}}, {"pk": 4, "model": "auth.group", "fields": {"name": "work study", "permissions": []}}, {"pk": 1, "model": "auth.user", "fields": {"username": "admin", "first_name": "", "last_name": "", "is_active": true, "is_superuser": true, "is_staff": true, "last_login": "2012-07-23T15:39:23", "groups": [], "user_permissions": [], "password": "pbkdf2_sha256$10000$REQew3C1Pr8u$GBzEakO9GCg5C0glJv7OfvdWGCl29gGCXI4KWzuFH9I=", "email": "help@burkesoftware.com", "date_joined": "2012-07-23T15:39:15"}}, {"pk": 36, "model": "admin.logentry", "fields": {"action_flag": 2, "action_time": "2012-07-23T16:50:21", "object_repr": "In Person - Walk-In", "object_id": "10", "change_message": "Changed name.", "user": ["admin"], "content_type": ["admissions", "firstcontactoption"]}}, {"pk": 35, "model": "admin.logentry", "fields": {"action_flag": 3, "action_time": "2012-07-23T16:50:10", "object_repr": "Tachs Sheet", "object_id": "5", "change_message": "", "user": ["admin"], "content_type": ["admissions", "heardaboutusoption"]}}, {"pk": 34, "model": "admin.logentry", "fields": {"action_flag": 2, "action_time": "2012-07-23T16:49:57", "object_repr": "Open House / Visit", "object_id": "33", "change_message": "Changed name.", "user": ["admin"], "content_type": ["admissions", "heardaboutusoption"]}}, {"pk": 33, "model": "admin.logentry", "fields": {"action_flag": 2, "action_time": "2012-07-23T16:49:52", "object_repr": "Internet / Website", "object_id": "31", "change_message": "Changed name.", "user": ["admin"], "content_type": ["admissions", "heardaboutusoption"]}}, {"pk": 31, "model": "admin.logentry", "fields": {"action_flag": 3, "action_time": "2012-07-23T16:49:19", "object_repr": "Other Catholic School", "object_id": "12", "change_message": "", "user": ["admin"], "content_type": ["admissions", "withdrawnchoices"]}}, {"pk": 32, "model": "admin.logentry", "fields": {"action_flag": 3, "action_time": "2012-07-23T16:49:19", "object_repr": "Other Public School", "object_id": "14", "change_message": "", "user": ["admin"], "content_type": ["admissions", "withdrawnchoices"]}}, {"pk": 25, "model": "admin.logentry", "fields": {"action_flag": 3, "action_time": "2012-07-23T16:49:01", "object_repr": "Accepted into Bronx HS of Science", "object_id": "25", "change_message": "", "user": ["admin"], "content_type": ["admissions", "withdrawnchoices"]}}, {"pk": 26, "model": "admin.logentry", "fields": {"action_flag": 3, "action_time": "2012-07-23T16:49:01", "object_repr": "Going to St. Peters", "object_id": "22", "change_message": "", "user": ["admin"], "content_type": ["admissions", "withdrawnchoices"]}}, {"pk": 27, "model": "admin.logentry", "fields": {"action_flag": 3, "action_time": "2012-07-23T16:49:01", "object_repr": "To attend All Hallows", "object_id": "24", "change_message": "", "user": ["admin"], "content_type": ["admissions", "withdrawnchoices"]}}, {"pk": 28, "model": "admin.logentry", "fields": {"action_flag": 3, "action_time": "2012-07-23T16:49:01", "object_repr": "to attend other school", "object_id": "28", "change_message": "", "user": ["admin"], "content_type": ["admissions", "withdrawnchoices"]}}, {"pk": 29, "model": "admin.logentry", "fields": {"action_flag": 3, "action_time": "2012-07-23T16:49:01", "object_repr": "To attend Salesian HS", "object_id": "27", "change_message": "", "user": ["admin"], "content_type": ["admissions", "withdrawnchoices"]}}, {"pk": 30, "model": "admin.logentry", "fields": {"action_flag": 3, "action_time": "2012-07-23T16:49:01", "object_repr": "To attend St. Jean Baptiste", "object_id": "18", "change_message": "", "user": ["admin"], "content_type": ["admissions", "withdrawnchoices"]}}, {"pk": 22, "model": "admin.logentry", "fields": {"action_flag": 3, "action_time": "2012-07-23T16:02:49", "object_repr": "Header Logo", "object_id": "22", "change_message": "", "user": ["admin"], "content_type": ["administration", "configuration"]}}, {"pk": 23, "model": "admin.logentry", "fields": {"action_flag": 3, "action_time": "2012-07-23T16:02:49", "object_repr": "School Name", "object_id": "23", "change_message": "", "user": ["admin"], "content_type": ["administration", "configuration"]}}, {"pk": 24, "model": "admin.logentry", "fields": {"action_flag": 3, "action_time": "2012-07-23T16:02:49", "object_repr": "School Color", "object_id": "24", "change_message": "", "user": ["admin"], "content_type": ["administration", "configuration"]}}, {"pk": 19, "model": "admin.logentry", "fields": {"action_flag": 3, "action_time": "2012-07-23T16:02:41", "object_repr": "Header Logo", "object_id": "19", "change_message": "", "user": ["admin"], "content_type": ["administration", "configuration"]}}, {"pk": 20, "model": "admin.logentry", "fields": {"action_flag": 3, "action_time": "2012-07-23T16:02:41", "object_repr": "School Name", "object_id": "20", "change_message": "", "user": ["admin"], "content_type": ["administration", "configuration"]}}, {"pk": 21, "model": "admin.logentry", "fields": {"action_flag": 3, "action_time": "2012-07-23T16:02:41", "object_repr": "School Color", "object_id": "21", "change_message": "", "user": ["admin"], "content_type": ["administration", "configuration"]}}, {"pk": 16, "model": "admin.logentry", "fields": {"action_flag": 3, "action_time": "2012-07-23T16:02:36", "object_repr": "Header Logo", "object_id": "16", "change_message": "", "user": ["admin"], "content_type": ["administration", "configuration"]}}, {"pk": 17, "model": "admin.logentry", "fields": {"action_flag": 3, "action_time": "2012-07-23T16:02:36", "object_repr": "School Name", "object_id": "17", "change_message": "", "user": ["admin"], "content_type": ["administration", "configuration"]}}, {"pk": 18, "model": "admin.logentry", "fields": {"action_flag": 3, "action_time": "2012-07-23T16:02:36", "object_repr": "School Color", "object_id": "18", "change_message": "", "user": ["admin"], "content_type": ["administration", "configuration"]}}, {"pk": 13, "model": "admin.logentry", "fields": {"action_flag": 3, "action_time": "2012-07-23T16:02:30", "object_repr": "Header Logo", "object_id": "13", "change_message": "", "user": ["admin"], "content_type": ["administration", "configuration"]}}, {"pk": 14, "model": "admin.logentry", "fields": {"action_flag": 3, "action_time": "2012-07-23T16:02:30", "object_repr": "School Name", "object_id": "14", "change_message": "", "user": ["admin"], "content_type": ["administration", "configuration"]}}, {"pk": 15, "model": "admin.logentry", "fields": {"action_flag": 3, "action_time": "2012-07-23T16:02:30", "object_repr": "School Color", "object_id": "15", "change_message": "", "user": ["admin"], "content_type": ["administration", "configuration"]}}, {"pk": 10, "model": "admin.logentry", "fields": {"action_flag": 3, "action_time": "2012-07-23T16:02:14", "object_repr": "Header Logo", "object_id": "10", "change_message": "", "user": ["admin"], "content_type": ["administration", "configuration"]}}, {"pk": 11, "model": "admin.logentry", "fields": {"action_flag": 3, "action_time": "2012-07-23T16:02:14", "object_repr": "School Name", "object_id": "11", "change_message": "", "user": ["admin"], "content_type": ["administration", "configuration"]}}, {"pk": 12, "model": "admin.logentry", "fields": {"action_flag": 3, "action_time": "2012-07-23T16:02:14", "object_repr": "School Color", "object_id": "12", "change_message": "", "user": ["admin"], "content_type": ["administration", "configuration"]}}, {"pk": 7, "model": "admin.logentry", "fields": {"action_flag": 3, "action_time": "2012-07-23T16:01:52", "object_repr": "Header Logo", "object_id": "7", "change_message": "", "user": ["admin"], "content_type": ["administration", "configuration"]}}, {"pk": 8, "model": "admin.logentry", "fields": {"action_flag": 3, "action_time": "2012-07-23T16:01:52", "object_repr": "School Name", "object_id": "8", "change_message": "", "user": ["admin"], "content_type": ["administration", "configuration"]}}, {"pk": 9, "model": "admin.logentry", "fields": {"action_flag": 3, "action_time": "2012-07-23T16:01:52", "object_repr": "School Color", "object_id": "9", "change_message": "", "user": ["admin"], "content_type": ["administration", "configuration"]}}, {"pk": 4, "model": "admin.logentry", "fields": {"action_flag": 3, "action_time": "2012-07-23T16:01:47", "object_repr": "Header Logo", "object_id": "4", "change_message": "", "user": ["admin"], "content_type": ["administration", "configuration"]}}, {"pk": 5, "model": "admin.logentry", "fields": {"action_flag": 3, "action_time": "2012-07-23T16:01:47", "object_repr": "School Name", "object_id": "5", "change_message": "", "user": ["admin"], "content_type": ["administration", "configuration"]}}, {"pk": 6, "model": "admin.logentry", "fields": {"action_flag": 3, "action_time": "2012-07-23T16:01:47", "object_repr": "School Color", "object_id": "6", "change_message": "", "user": ["admin"], "content_type": ["administration", "configuration"]}}, {"pk": 1, "model": "admin.logentry", "fields": {"action_flag": 3, "action_time": "2012-07-23T16:01:22", "object_repr": "Header Logo", "object_id": "1", "change_message": "", "user": ["admin"], "content_type": ["administration", "configuration"]}}, {"pk": 2, "model": "admin.logentry", "fields": {"action_flag": 3, "action_time": "2012-07-23T16:01:22", "object_repr": "School Name", "object_id": "2", "change_message": "", "user": ["admin"], "content_type": ["administration", "configuration"]}}, {"pk": 3, "model": "admin.logentry", "fields": {"action_flag": 3, "action_time": "2012-07-23T16:01:22", "object_repr": "School Color", "object_id": "3", "change_message": "", "user": ["admin"], "content_type": ["administration", "configuration"]}}]